-- phpMyAdmin SQL Dump
-- version 4.8.5
-- https://www.phpmyadmin.net/
--
-- Host: 127.0.0.1
-- Generation Time: May 20, 2019 at 03:03 PM
-- Server version: 10.1.40-MariaDB
-- PHP Version: 7.1.29

SET SQL_MODE = "NO_AUTO_VALUE_ON_ZERO";
SET AUTOCOMMIT = 0;
START TRANSACTION;
SET time_zone = "+00:00";


/*!40101 SET @OLD_CHARACTER_SET_CLIENT=@@CHARACTER_SET_CLIENT */;
/*!40101 SET @OLD_CHARACTER_SET_RESULTS=@@CHARACTER_SET_RESULTS */;
/*!40101 SET @OLD_COLLATION_CONNECTION=@@COLLATION_CONNECTION */;
/*!40101 SET NAMES utf8mb4 */;

--
-- Database: `eapi`
--

-- --------------------------------------------------------

--
-- Table structure for table `migrations`
--

CREATE TABLE `migrations` (
  `id` int(10) UNSIGNED NOT NULL,
  `migration` varchar(191) COLLATE utf8mb4_unicode_ci NOT NULL,
  `batch` int(11) NOT NULL
) ENGINE=InnoDB DEFAULT CHARSET=utf8mb4 COLLATE=utf8mb4_unicode_ci;

--
-- Dumping data for table `migrations`
--

INSERT INTO `migrations` (`id`, `migration`, `batch`) VALUES
(9, '2014_10_12_000000_create_users_table', 1),
(10, '2014_10_12_100000_create_password_resets_table', 1),
(11, '2019_05_20_111757_create_products_table', 1),
(12, '2019_05_20_111939_create_reviews_table', 1);

-- --------------------------------------------------------

--
-- Table structure for table `password_resets`
--

CREATE TABLE `password_resets` (
  `email` varchar(191) COLLATE utf8mb4_unicode_ci NOT NULL,
  `token` varchar(191) COLLATE utf8mb4_unicode_ci NOT NULL,
  `created_at` timestamp NULL DEFAULT NULL
) ENGINE=InnoDB DEFAULT CHARSET=utf8mb4 COLLATE=utf8mb4_unicode_ci;

-- --------------------------------------------------------

--
-- Table structure for table `products`
--

CREATE TABLE `products` (
  `id` bigint(20) UNSIGNED NOT NULL,
  `name` varchar(191) COLLATE utf8mb4_unicode_ci NOT NULL,
  `detail` text COLLATE utf8mb4_unicode_ci NOT NULL,
  `price` int(11) NOT NULL,
  `stock` int(11) NOT NULL,
  `discount` int(11) NOT NULL,
  `created_at` timestamp NULL DEFAULT NULL,
  `updated_at` timestamp NULL DEFAULT NULL
) ENGINE=InnoDB DEFAULT CHARSET=utf8mb4 COLLATE=utf8mb4_unicode_ci;

--
-- Dumping data for table `products`
--

INSERT INTO `products` (`id`, `name`, `detail`, `price`, `stock`, `discount`, `created_at`, `updated_at`) VALUES
(1, 'libero', 'Culpa facilis cumque ex tempore autem neque harum. Consequatur dolore repudiandae dolore aut tenetur quia suscipit. Sequi quo ex esse. Dolores rem placeat molestiae fugiat sit magni ad.', 729, 9, 29, '2019-05-20 19:58:43', '2019-05-20 19:58:43'),
(2, 'id', 'Delectus eius occaecati modi et magni. Doloribus veritatis reprehenderit dolorem possimus officiis. Nam veniam dicta quibusdam reiciendis et velit. Ipsam inventore necessitatibus itaque nihil minus. Culpa harum esse qui.', 446, 8, 18, '2019-05-20 19:58:43', '2019-05-20 19:58:43'),
(3, 'nam', 'Labore rem ex reprehenderit neque fugiat. Quia quis dolores nihil ut delectus. Neque deserunt et vitae ut quidem tenetur.', 440, 5, 9, '2019-05-20 19:58:43', '2019-05-20 19:58:43'),
(4, 'quo', 'Excepturi voluptatem veritatis itaque vitae aperiam modi possimus. Aspernatur accusantium odit harum quia rerum sequi architecto. Doloremque id delectus veritatis id qui et aliquam. Id ea nisi sapiente numquam sequi.', 906, 7, 11, '2019-05-20 19:58:43', '2019-05-20 19:58:43'),
(5, 'quae', 'Alias minima reiciendis voluptas non. Ut est et praesentium beatae occaecati dignissimos consectetur. Accusantium error minima reprehenderit animi perspiciatis velit. Qui dolor et et impedit odit aut vel. Cumque velit fugiat assumenda minus ea ea voluptas.', 582, 8, 6, '2019-05-20 19:58:43', '2019-05-20 19:58:43'),
(6, 'placeat', 'Nemo atque consequatur non qui exercitationem. Mollitia quis reiciendis delectus est nihil omnis. Minima officiis ullam fugiat expedita qui error dolorem.', 288, 5, 7, '2019-05-20 19:58:43', '2019-05-20 19:58:43'),
(7, 'nostrum', 'Qui labore perspiciatis dolores ut sed. Quia voluptates tempora qui sint ipsum. Nesciunt qui nulla voluptatem rem totam.', 433, 6, 5, '2019-05-20 19:58:43', '2019-05-20 19:58:43'),
(8, 'vel', 'Quaerat ut quos consectetur unde vero. Quis quibusdam voluptatum molestias rerum repellat eligendi. Omnis ut aliquid vitae aut a sint eos. Rerum ab sed ea possimus illo nihil.', 585, 7, 17, '2019-05-20 19:58:43', '2019-05-20 19:58:43'),
(9, 'delectus', 'Aut excepturi similique quae consectetur tempora omnis officia. Adipisci quisquam in labore maxime soluta laborum est. Consequatur consectetur vitae corporis qui dignissimos. Rerum rerum numquam neque eaque ad. Voluptas deserunt quas deleniti.', 358, 8, 12, '2019-05-20 19:58:43', '2019-05-20 19:58:43'),
(10, 'et', 'Et aut deserunt maxime harum dolor rerum impedit. Laudantium commodi molestiae magnam excepturi est impedit sequi. Quas quis sit modi et esse rerum. Esse iure consectetur ut itaque maiores amet culpa.', 115, 6, 29, '2019-05-20 19:58:43', '2019-05-20 19:58:43'),
(11, 'magnam', 'Quibusdam accusantium ipsum omnis nobis rerum velit. Aut modi doloribus quia ipsa aut aut voluptatum ut. Cum necessitatibus quos eos voluptatibus commodi. Doloremque fuga nihil inventore alias et maxime.', 173, 8, 10, '2019-05-20 19:58:43', '2019-05-20 19:58:43'),
(12, 'repellat', 'Error eum id commodi totam et et voluptas. Magni qui quod facilis aut quia reprehenderit qui. Ipsa sed similique cupiditate et deserunt.', 149, 3, 3, '2019-05-20 19:58:43', '2019-05-20 19:58:43'),
(13, 'commodi', 'Reiciendis molestiae aut est tempora molestias id expedita. Optio vel dolores praesentium quasi consequatur et cum ducimus. Quam et id quis doloribus doloremque accusantium ea officia.', 757, 3, 6, '2019-05-20 19:58:43', '2019-05-20 19:58:43'),
(14, 'mollitia', 'Et veritatis culpa amet et quis libero. Ut quam sit optio beatae.', 528, 7, 18, '2019-05-20 19:58:43', '2019-05-20 19:58:43'),
(15, 'voluptates', 'Eaque voluptate quia reiciendis in reiciendis sed nulla dolor. Omnis repudiandae autem non.', 306, 6, 18, '2019-05-20 19:58:43', '2019-05-20 19:58:43'),
(16, 'facilis', 'Suscipit ut libero non ea expedita aperiam. Accusamus quis explicabo adipisci. Consequatur sunt incidunt repellendus odit inventore similique. Dolores nulla iusto quas.', 687, 2, 22, '2019-05-20 19:58:43', '2019-05-20 19:58:43'),
(17, 'quasi', 'Ut eaque delectus ut quibusdam deleniti. Qui occaecati debitis id fugit consequatur perferendis expedita ad. Illo dicta quo et et voluptatem.', 498, 4, 21, '2019-05-20 19:58:43', '2019-05-20 19:58:43'),
(18, 'qui', 'Repellat ea neque ad enim rerum voluptatem. Quam qui nulla dolorum iste. Ut porro quisquam vel ad beatae architecto.', 421, 4, 25, '2019-05-20 19:58:43', '2019-05-20 19:58:43'),
(19, 'nihil', 'Excepturi quia accusamus quo. Quis sed amet iste. Quae itaque quibusdam sequi facere neque minus.', 338, 9, 18, '2019-05-20 19:58:43', '2019-05-20 19:58:43'),
(20, 'dolorum', 'Tempore ducimus quisquam nihil perspiciatis aut consequatur consequuntur labore. Blanditiis modi autem quam. Numquam quod eligendi in est at.', 811, 4, 27, '2019-05-20 19:58:43', '2019-05-20 19:58:43'),
(21, 'aut', 'Et illum in sed ut. Ullam sint nobis ut quam autem odio quis. Vero natus adipisci quod cumque non voluptas. Architecto ut qui sint ipsam voluptas.', 858, 9, 10, '2019-05-20 19:58:43', '2019-05-20 19:58:43'),
(22, 'vitae', 'Corporis rerum sit laudantium eveniet est. Repellat sit at omnis sequi molestiae amet.', 454, 2, 15, '2019-05-20 19:58:43', '2019-05-20 19:58:43'),
(23, 'nobis', 'Est eaque explicabo nam dolor et velit et. Suscipit hic eos eum earum fugit quae. Sit dolorem aspernatur repellendus ratione. Accusamus pariatur non culpa possimus maiores voluptas illo.', 578, 4, 9, '2019-05-20 19:58:43', '2019-05-20 19:58:43'),
(24, 'sint', 'Et laborum laudantium ex aspernatur similique quam est. Sit provident tempore non distinctio aut quas nemo possimus. Quae aut quia natus quod voluptas. Saepe animi dolor et in.', 965, 9, 24, '2019-05-20 19:58:43', '2019-05-20 19:58:43'),
(25, 'dignissimos', 'Delectus qui nemo quas voluptatem aut dolor quae. Quibusdam nobis optio deleniti eaque nihil asperiores. Voluptatem et eveniet unde omnis laboriosam consectetur neque.', 121, 4, 22, '2019-05-20 19:58:43', '2019-05-20 19:58:43'),
(26, 'sunt', 'Molestiae ducimus qui similique illum autem nemo eius. Et quae voluptatem voluptate at ipsum fugiat vel in. Autem sed delectus tenetur cumque perferendis. At sapiente sapiente autem magni illum ex.', 929, 6, 6, '2019-05-20 19:58:43', '2019-05-20 19:58:43'),
(27, 'eaque', 'Aspernatur suscipit qui eum dolorem praesentium ipsum ratione. Odio ex unde modi voluptatem consequatur qui.', 644, 3, 7, '2019-05-20 19:58:43', '2019-05-20 19:58:43'),
(28, 'ea', 'Dolor omnis voluptatem vitae fuga sit. Possimus ad distinctio tempora architecto natus omnis harum. Aliquid distinctio numquam quis. Omnis ut libero rerum quo dolor.', 899, 7, 8, '2019-05-20 19:58:43', '2019-05-20 19:58:43'),
(29, 'doloremque', 'Error qui in optio iusto. Magni vitae a autem veritatis aut id. Voluptates non explicabo deleniti sapiente est at dolor. Dignissimos quae omnis quibusdam repellendus eaque qui quasi facilis.', 713, 0, 26, '2019-05-20 19:58:44', '2019-05-20 19:58:44'),
(30, 'exercitationem', 'Nobis est nihil nobis quos facilis quisquam. Omnis aperiam dicta id impedit magnam. Voluptatem aut corrupti impedit.', 956, 0, 16, '2019-05-20 19:58:44', '2019-05-20 19:58:44'),
(31, 'qui', 'Et necessitatibus nobis ut numquam excepturi harum rerum. Ab dignissimos delectus est aliquid aut et accusamus. Delectus unde ex quae et corrupti. Dolores sed ducimus consequatur id. Eius soluta veniam incidunt ipsa dolorem dolores.', 223, 4, 19, '2019-05-20 19:58:44', '2019-05-20 19:58:44'),
(32, 'voluptas', 'Vero quo modi odit inventore. Voluptate eos qui saepe. Possimus sed delectus accusantium consectetur enim nihil molestiae.', 370, 0, 6, '2019-05-20 19:58:44', '2019-05-20 19:58:44'),
(33, 'voluptate', 'Nam in quia cumque distinctio aliquam dolorem dolores. Recusandae dolore ut sit aut perferendis cumque et. Nemo quis alias culpa eius. Quia iure sit eum at eveniet eaque.', 673, 8, 20, '2019-05-20 19:58:44', '2019-05-20 19:58:44'),
(34, 'ut', 'Labore aut numquam modi et. Quod nobis odit et sint est. Ut accusantium distinctio omnis consectetur. Labore vel perspiciatis perferendis impedit maiores.', 959, 6, 29, '2019-05-20 19:58:44', '2019-05-20 19:58:44'),
(35, 'veniam', 'Velit quis laborum ut libero incidunt consequuntur ut aliquid. Sit eaque voluptates earum doloremque suscipit. Molestias et debitis distinctio dolores optio.', 859, 5, 17, '2019-05-20 19:58:44', '2019-05-20 19:58:44'),
(36, 'ab', 'Cupiditate odit porro quos. Beatae dolores et cumque expedita corrupti possimus ab. Aut vero earum aliquam architecto.', 187, 4, 3, '2019-05-20 19:58:44', '2019-05-20 19:58:44'),
(37, 'et', 'Vitae odio animi tenetur accusamus illum. Et sequi veniam ipsum consequuntur exercitationem cupiditate. Et eum vero corporis repudiandae doloremque eum.', 743, 7, 21, '2019-05-20 19:58:44', '2019-05-20 19:58:44'),
(38, 'rerum', 'In labore dignissimos qui ut at excepturi voluptas occaecati. Ut voluptas est doloribus et omnis placeat repellendus odit. Fugiat odio voluptas rerum ex reprehenderit aut.', 961, 2, 8, '2019-05-20 19:58:44', '2019-05-20 19:58:44'),
(39, 'modi', 'Minima et doloribus cum aut corporis. Aliquam dignissimos porro dolorum molestiae ipsa. Omnis ab dolores dicta sint.', 134, 2, 26, '2019-05-20 19:58:44', '2019-05-20 19:58:44'),
(40, 'mollitia', 'Et velit nesciunt nihil quo dolorem corrupti. Omnis atque velit numquam illo consequatur voluptatem. Laudantium quia eum delectus ut qui unde voluptas ratione. Assumenda rerum vero cupiditate nihil quis.', 206, 2, 12, '2019-05-20 19:58:44', '2019-05-20 19:58:44'),
(41, 'vero', 'Rerum et eos officia voluptas iste vero quam. Aut voluptates animi sequi porro consequatur temporibus. Doloribus qui et commodi. Deserunt cum est minus ad tenetur cumque labore.', 761, 1, 15, '2019-05-20 19:58:44', '2019-05-20 19:58:44'),
(42, 'commodi', 'Enim eos consequatur blanditiis aut sed veniam delectus. Et eum aut odit iure aliquid voluptas et. Qui asperiores provident nisi quia delectus. Aut accusamus dolorem similique sint iure et.', 309, 5, 5, '2019-05-20 19:58:44', '2019-05-20 19:58:44'),
(43, 'sapiente', 'Non accusamus neque qui harum sit ullam est omnis. Delectus iure sed ipsum cum. Laborum consequatur iusto quia laudantium.', 212, 6, 8, '2019-05-20 19:58:44', '2019-05-20 19:58:44'),
(44, 'harum', 'Sed distinctio veniam vitae. Rerum in eaque sequi rem voluptates modi quia labore. Dolorem laboriosam voluptatem iste dignissimos.', 317, 0, 2, '2019-05-20 19:58:44', '2019-05-20 19:58:44'),
(45, 'sint', 'Aut nemo animi odit voluptas vero. Ut aliquam sed odit. Et eligendi unde doloremque saepe aspernatur voluptas.', 618, 4, 3, '2019-05-20 19:58:44', '2019-05-20 19:58:44'),
(46, 'consectetur', 'Exercitationem rem hic nulla quia fuga dicta. Consequuntur possimus omnis dolore ut ut hic. Voluptatem maxime amet qui quo alias ut.', 282, 3, 25, '2019-05-20 19:58:44', '2019-05-20 19:58:44'),
(47, 'recusandae', 'Beatae veniam et dicta delectus. Vel qui autem molestiae voluptatem. Non delectus facere autem doloribus. Voluptatem odio non autem.', 844, 3, 24, '2019-05-20 19:58:44', '2019-05-20 19:58:44'),
(48, 'dolore', 'Blanditiis quaerat aut laborum et et numquam cupiditate. Eos expedita cum voluptas suscipit magni ut. Quia dolore ut error temporibus ratione autem hic ad.', 413, 1, 21, '2019-05-20 19:58:44', '2019-05-20 19:58:44'),
(49, 'ea', 'Voluptatem itaque et dolore non facere sit quo. Eum dolores quisquam possimus aliquam quae facilis deserunt. Aliquid explicabo eaque quae sint. Laudantium excepturi molestias id iusto ea.', 802, 2, 12, '2019-05-20 19:58:44', '2019-05-20 19:58:44'),
(50, 'quos', 'Sint consequatur incidunt accusantium esse. Quam consectetur autem voluptatem. Eveniet temporibus est itaque temporibus ut sunt. Aperiam accusamus est et enim fugit.', 269, 3, 4, '2019-05-20 19:58:44', '2019-05-20 19:58:44');

-- --------------------------------------------------------

--
-- Table structure for table `reviews`
--

CREATE TABLE `reviews` (
  `id` bigint(20) UNSIGNED NOT NULL,
  `product_id` bigint(20) UNSIGNED NOT NULL,
  `customer` varchar(191) COLLATE utf8mb4_unicode_ci NOT NULL,
  `review` text COLLATE utf8mb4_unicode_ci NOT NULL,
  `star` int(11) NOT NULL,
  `created_at` timestamp NULL DEFAULT NULL,
  `updated_at` timestamp NULL DEFAULT NULL
) ENGINE=InnoDB DEFAULT CHARSET=utf8mb4 COLLATE=utf8mb4_unicode_ci;

--
-- Dumping data for table `reviews`
--

INSERT INTO `reviews` (`id`, `product_id`, `customer`, `review`, `star`, `created_at`, `updated_at`) VALUES
(1, 20, 'Zena Gulgowski', 'Magni eos delectus odit enim aut et beatae. Et molestias eum et consequatur deleniti. Est ullam quod earum rerum.', 0, '2019-05-20 19:58:45', '2019-05-20 19:58:45'),
(2, 35, 'Lesly Boyer', 'Ratione animi vero et quisquam id. Excepturi sed explicabo quia et non necessitatibus. Et consequatur a voluptatem vero qui explicabo dolorem.', 0, '2019-05-20 19:58:45', '2019-05-20 19:58:45'),
(3, 31, 'Casandra Leffler', 'Voluptas enim unde inventore minus vitae et sit. Ipsa vel corporis quis omnis tenetur ipsum praesentium sint. Animi aliquid quo explicabo accusamus illum ut.', 5, '2019-05-20 19:58:45', '2019-05-20 19:58:45'),
(4, 28, 'Ms. Princess Kessler DVM', 'Molestiae illum excepturi enim id alias dolores. Nulla dolor ea ex eos est reprehenderit. Iste a alias aut nostrum et.', 4, '2019-05-20 19:58:45', '2019-05-20 19:58:45'),
(5, 4, 'Jamey Steuber', 'Soluta voluptates qui debitis sapiente commodi consequuntur ad quo. Laudantium nemo est veritatis est architecto totam. Quidem repellendus tenetur illo necessitatibus.', 4, '2019-05-20 19:58:45', '2019-05-20 19:58:45'),
(6, 2, 'Soledad Christiansen', 'Ut culpa fuga deleniti. Suscipit et aut odit vero et qui.', 0, '2019-05-20 19:58:45', '2019-05-20 19:58:45'),
(7, 46, 'Samara Ondricka', 'Quas magnam eius aut nemo voluptate. Rerum id quaerat corrupti sed. Ut corporis in dolorum dicta.', 0, '2019-05-20 19:58:45', '2019-05-20 19:58:45'),
(8, 26, 'Emiliano Kovacek', 'Illo repellendus iure molestias delectus iure sed. Fuga harum temporibus doloribus libero labore dolores at.', 5, '2019-05-20 19:58:45', '2019-05-20 19:58:45'),
(9, 19, 'Pamela McGlynn', 'Nemo quae incidunt eum dolorem et. Facere vitae aut officia dolorum ullam recusandae aperiam. Maiores aut aut aliquam sapiente. Quae similique incidunt tenetur eligendi et.', 3, '2019-05-20 19:58:45', '2019-05-20 19:58:45'),
(10, 7, 'Dr. Genoveva Barrows', 'Impedit placeat exercitationem aspernatur atque eaque dolores reprehenderit. Atque itaque veniam necessitatibus ut. Et sint a et similique quis consequatur. Quod eum suscipit expedita sapiente. Qui architecto et libero ducimus impedit in et.', 3, '2019-05-20 19:58:45', '2019-05-20 19:58:45'),
(11, 25, 'Katelynn Abernathy PhD', 'Maiores est eum est est. Dolore et ad sint similique.', 4, '2019-05-20 19:58:45', '2019-05-20 19:58:45'),
(12, 29, 'Anastacio Osinski', 'Vel non qui totam qui nisi quod dolores doloremque. Est illo numquam ut provident molestiae. Quis doloremque et ex aut. Consequuntur dolores culpa id commodi voluptate.', 0, '2019-05-20 19:58:45', '2019-05-20 19:58:45'),
(13, 18, 'Brady Weimann', 'Corporis sed ut nobis. Eveniet consequatur fugit dolores ab. Ducimus neque soluta non cupiditate in adipisci.', 5, '2019-05-20 19:58:45', '2019-05-20 19:58:45'),
(14, 11, 'Lucy McDermott', 'Occaecati sequi cum sequi dolor est sint est. Autem rerum omnis minima sit quae dolor. Occaecati occaecati quibusdam deleniti alias et commodi. Eaque aliquam ea natus hic libero.', 5, '2019-05-20 19:58:45', '2019-05-20 19:58:45'),
(15, 26, 'Vance Leffler Sr.', 'Placeat esse eos reiciendis sapiente reprehenderit fugit. Animi quia odit impedit temporibus accusamus eum accusamus. Qui culpa magnam temporibus. Itaque id beatae et alias sint vero.', 4, '2019-05-20 19:58:45', '2019-05-20 19:58:45'),
(16, 18, 'Esperanza Kris', 'Ut perferendis repudiandae cum molestiae. Sint eos placeat dolor et. Repellendus quia alias delectus. Asperiores cumque et rerum iusto libero velit itaque.', 5, '2019-05-20 19:58:45', '2019-05-20 19:58:45'),
(17, 16, 'Kathryne Braun', 'Ex quasi recusandae recusandae est. Officiis modi autem dicta. Atque voluptas id corporis et eum.', 2, '2019-05-20 19:58:45', '2019-05-20 19:58:45'),
(18, 40, 'Haley Rutherford', 'Voluptatem dolore voluptatem ratione et sint ipsa. Accusamus porro enim quisquam asperiores officia quidem ut. Est sed hic quas asperiores repellendus. Cupiditate debitis magnam ratione corporis.', 5, '2019-05-20 19:58:45', '2019-05-20 19:58:45'),
(19, 28, 'Prof. Orland Wiegand', 'Ipsa unde maiores expedita quibusdam deleniti praesentium consectetur incidunt. Sed voluptatem deleniti debitis fugit laborum sed dolorem. Pariatur dignissimos recusandae minus.', 3, '2019-05-20 19:58:45', '2019-05-20 19:58:45'),
(20, 44, 'Carli Dickens', 'Repellat quidem tempora amet cumque necessitatibus error sed. Officiis rerum vel sint alias et nisi. Aliquid natus repudiandae nihil minima impedit aut aut. Quis illum provident dignissimos dolorem recusandae beatae laudantium.', 1, '2019-05-20 19:58:45', '2019-05-20 19:58:45'),
(21, 47, 'Prof. Polly Wilkinson I', 'Et eveniet nisi omnis molestiae. Neque praesentium sit eum dolores velit et. Quam sit commodi qui cumque repudiandae sed. Ad aut voluptatem voluptates ut in aperiam sunt.', 0, '2019-05-20 19:58:45', '2019-05-20 19:58:45'),
(22, 44, 'Willard Mertz', 'Natus deserunt quaerat illum non. Accusantium velit facere occaecati pariatur magni. Excepturi voluptate aspernatur molestiae. Quis nisi aperiam ducimus.', 5, '2019-05-20 19:58:45', '2019-05-20 19:58:45'),
(23, 4, 'Shanna Rowe III', 'Aperiam officia dolores ducimus numquam quia. Dolorum et recusandae temporibus rerum voluptatem magni non. Qui impedit voluptatum quia. Assumenda illum sed id rerum voluptatibus.', 3, '2019-05-20 19:58:45', '2019-05-20 19:58:45'),
(24, 50, 'Paige Morar', 'Ut aut voluptatem id placeat tempora. Nihil necessitatibus cum debitis veritatis illo. Et magnam facilis vel ut error labore laudantium et.', 0, '2019-05-20 19:58:45', '2019-05-20 19:58:45'),
(25, 23, 'Fay Murray', 'Facere sit voluptatem alias. Sit est eos et nesciunt occaecati.', 3, '2019-05-20 19:58:45', '2019-05-20 19:58:45'),
(26, 49, 'Mr. Orlando Fisher Jr.', 'Sint veniam voluptatem tenetur odit et laborum quod. Vitae quaerat est quidem commodi sint et. Iste atque ad ut. Autem et vel ut quos sed.', 4, '2019-05-20 19:58:45', '2019-05-20 19:58:45'),
(27, 14, 'Mackenzie O\'Reilly PhD', 'Aspernatur et doloribus reprehenderit quis ea ut et vero. Similique autem incidunt sint magnam dolores voluptatem. Ut eius doloribus eligendi aspernatur et ullam nemo.', 5, '2019-05-20 19:58:45', '2019-05-20 19:58:45'),
(28, 43, 'Dr. Benjamin Mann', 'Iusto dignissimos et totam modi qui praesentium iure. Pariatur ut saepe corporis sunt animi velit voluptates. Ipsa rerum recusandae tempora ratione ea illum minima est. Qui in quod ut autem sequi accusantium eligendi.', 3, '2019-05-20 19:58:45', '2019-05-20 19:58:45'),
(29, 39, 'Miss Brielle McGlynn DVM', 'Nam enim minus provident perspiciatis inventore. Accusantium sed qui esse cumque necessitatibus itaque perferendis. Hic repellendus dignissimos aperiam numquam necessitatibus.', 3, '2019-05-20 19:58:45', '2019-05-20 19:58:45'),
(30, 6, 'Dr. Darien Anderson', 'Cupiditate dignissimos dolores recusandae odio facilis. Maiores voluptatibus et laboriosam officia. Est omnis assumenda aut quia quam error.', 0, '2019-05-20 19:58:46', '2019-05-20 19:58:46'),
(31, 31, 'Leora Crist II', 'Ut ut omnis et quo. Impedit eius quis nemo inventore optio.', 3, '2019-05-20 19:58:46', '2019-05-20 19:58:46'),
(32, 26, 'Miss Laury Goldner', 'Rerum et in quibusdam est facere nihil. Blanditiis dolore quia id inventore. Qui modi ipsum qui quae vel officiis atque vel. Veniam tempora dolorum iusto. Deleniti et dolorem ducimus laboriosam et exercitationem.', 3, '2019-05-20 19:58:46', '2019-05-20 19:58:46'),
(33, 11, 'Alvis Grimes MD', 'Sit consequatur sit enim blanditiis soluta consequatur. Ad sint minima illo neque maxime sapiente. Qui aut debitis qui debitis et in ex. Laboriosam est optio amet. Cum neque optio aut deserunt perspiciatis.', 2, '2019-05-20 19:58:46', '2019-05-20 19:58:46'),
(34, 21, 'Zelma Senger', 'Nesciunt ipsa quasi non odio. Et non vel sit modi beatae. Et occaecati culpa voluptates et repellat.', 0, '2019-05-20 19:58:46', '2019-05-20 19:58:46'),
(35, 43, 'Leola Hickle', 'Ab accusantium qui quam animi. Facilis quae excepturi nihil velit nemo eum. Numquam velit cupiditate voluptate voluptatem. Qui quam voluptas optio natus aut saepe.', 1, '2019-05-20 19:58:46', '2019-05-20 19:58:46'),
(36, 7, 'Kristin Gibson', 'Nisi sit tenetur totam laboriosam ea ea iure quia. Culpa illum velit dolores maxime. Consequatur consequatur voluptas non sunt et eos dignissimos. Minima at qui et praesentium maiores. Non impedit perspiciatis tenetur.', 3, '2019-05-20 19:58:46', '2019-05-20 19:58:46'),
(37, 9, 'Hope Lind', 'Voluptatem dolore culpa quis et. Autem doloribus sunt non dignissimos.', 1, '2019-05-20 19:58:46', '2019-05-20 19:58:46'),
(38, 11, 'Nick Botsford', 'Quasi ut voluptatem ratione excepturi. Non totam exercitationem expedita at.', 2, '2019-05-20 19:58:46', '2019-05-20 19:58:46'),
(39, 11, 'Alayna Ankunding V', 'Architecto autem cumque minus culpa aut enim consequatur consequuntur. Nobis aliquam provident aut eos eius. Et blanditiis accusamus voluptas ea beatae aliquid.', 1, '2019-05-20 19:58:46', '2019-05-20 19:58:46'),
(40, 29, 'Mrs. Laurie Mertz', 'Necessitatibus dolores ad consequatur sed aut fuga. Autem quia saepe aut illo voluptatem error.', 4, '2019-05-20 19:58:46', '2019-05-20 19:58:46'),
(41, 11, 'Nelda Gibson', 'Sint et enim quo dignissimos quia. Saepe deserunt voluptas quidem eos rem. Tempore dolorum ut ut quia sapiente.', 3, '2019-05-20 19:58:46', '2019-05-20 19:58:46'),
(42, 42, 'Jamaal Doyle', 'Ducimus et commodi labore eveniet. Impedit quo non consequatur accusamus. Velit corrupti molestiae aliquid provident. Possimus officia explicabo asperiores eum recusandae deleniti nisi.', 0, '2019-05-20 19:58:46', '2019-05-20 19:58:46'),
(43, 38, 'Henri Gottlieb', 'Ut excepturi soluta veritatis labore veniam quisquam. Delectus suscipit consequatur a et molestias.', 4, '2019-05-20 19:58:46', '2019-05-20 19:58:46'),
(44, 11, 'Miss Ruthie Willms IV', 'Ipsam iure et ut et debitis. Aut cum quo architecto ratione laudantium nihil est. Ducimus doloremque corporis eos sunt dolorem nostrum et.', 4, '2019-05-20 19:58:46', '2019-05-20 19:58:46'),
(45, 35, 'Prof. Virgil Bahringer Sr.', 'Nesciunt explicabo itaque enim suscipit illum accusamus ut. Non nostrum est unde quam excepturi molestias. Aspernatur consectetur et mollitia nesciunt iure. Excepturi modi sunt corporis debitis.', 4, '2019-05-20 19:58:46', '2019-05-20 19:58:46'),
(46, 43, 'Dudley Stokes', 'Voluptas omnis ad corrupti rerum ut accusamus accusamus. Sunt necessitatibus cupiditate magnam quia aut explicabo pariatur quibusdam.', 4, '2019-05-20 19:58:46', '2019-05-20 19:58:46'),
(47, 6, 'Marilou Bergstrom', 'Recusandae est aut qui dicta nostrum dolor. Fugiat rerum quae velit veniam facilis voluptates. Adipisci et at saepe rerum harum qui et. Fugit dolor vitae ab.', 1, '2019-05-20 19:58:46', '2019-05-20 19:58:46'),
(48, 18, 'Rolando Runolfsdottir Sr.', 'Qui repellat sed necessitatibus provident voluptatem ex. Iste sint ut mollitia laborum. Eos voluptates quia ad aspernatur adipisci eaque.', 2, '2019-05-20 19:58:46', '2019-05-20 19:58:46'),
(49, 13, 'Weston Lubowitz III', 'Similique earum quisquam illo. Reiciendis qui nihil maiores blanditiis hic. Ea natus quam laboriosam omnis commodi qui.', 5, '2019-05-20 19:58:46', '2019-05-20 19:58:46'),
(50, 45, 'Dr. Antwon Reichel I', 'Fugit quaerat quo reiciendis molestiae. Adipisci et id rem suscipit maiores eligendi alias sed. Quia quod nemo officiis consequatur nulla quia.', 0, '2019-05-20 19:58:46', '2019-05-20 19:58:46'),
(51, 18, 'Ms. Myrtie Beatty Jr.', 'Reprehenderit nam in repellat. Sed quia distinctio alias vitae dolores. Fugit perspiciatis alias et tempore quam vel. Velit dolore tempore sed neque fugit ratione aut.', 5, '2019-05-20 19:58:46', '2019-05-20 19:58:46'),
(52, 42, 'Abigayle King', 'Distinctio rerum accusantium veritatis velit nisi. Tempora eum placeat asperiores qui. Magnam nam aut tempora sint architecto. Suscipit vel veniam laboriosam itaque hic qui.', 0, '2019-05-20 19:58:46', '2019-05-20 19:58:46'),
(53, 44, 'Joanne Romaguera', 'Omnis autem dignissimos est est dolor. Voluptatem ipsam velit praesentium nihil explicabo quis. A enim voluptate minima.', 2, '2019-05-20 19:58:46', '2019-05-20 19:58:46'),
(54, 6, 'Zoey Feeney', 'Vero maiores doloremque accusamus est qui et fugiat. Illum qui quae et consequatur ut ipsa et. Ex voluptates nemo velit non pariatur ad possimus. Deserunt minus qui alias ex.', 0, '2019-05-20 19:58:46', '2019-05-20 19:58:46'),
(55, 8, 'Ludwig Nolan', 'Aut molestias eos omnis eligendi. Dicta sed labore facilis est. Rem facere architecto et asperiores dolorum eveniet.', 3, '2019-05-20 19:58:46', '2019-05-20 19:58:46'),
(56, 19, 'Monte Powlowski', 'Et possimus ad quaerat molestiae omnis suscipit laboriosam. Omnis voluptatem quia nemo quia molestias magni. Incidunt facere saepe cupiditate mollitia distinctio.', 5, '2019-05-20 19:58:46', '2019-05-20 19:58:46'),
(57, 39, 'Wanda Hickle', 'Rerum dolores voluptas repudiandae facere dolorum asperiores dicta delectus. Quia esse earum quis quis commodi sit ducimus. Adipisci rerum eveniet dolorem autem voluptatum. Dolor dignissimos facilis inventore quod.', 1, '2019-05-20 19:58:46', '2019-05-20 19:58:46'),
(58, 20, 'Rosalia Herzog', 'Culpa tempore ullam odio architecto reiciendis quod in. In odit aut et id suscipit. Nostrum omnis ipsum voluptatem.', 2, '2019-05-20 19:58:46', '2019-05-20 19:58:46'),
(59, 1, 'Izaiah Schulist', 'Facere sint est aut. Labore autem aut perferendis dolores eos tenetur. Dolorem repellendus et similique voluptatum et error atque blanditiis.', 4, '2019-05-20 19:58:46', '2019-05-20 19:58:46'),
(60, 12, 'Tess Balistreri', 'Hic odit quisquam laboriosam quidem quae consectetur. Laboriosam iusto debitis voluptatum iusto illo ipsum illum. Repudiandae aut nihil vitae facilis sint praesentium possimus qui.', 2, '2019-05-20 19:58:46', '2019-05-20 19:58:46'),
(61, 38, 'Andre Toy', 'Est et fugiat totam. Non molestias saepe ab ad. Veritatis at doloribus distinctio et id non est. Ipsam vel aliquid ut vitae quos est delectus.', 4, '2019-05-20 19:58:46', '2019-05-20 19:58:46'),
(62, 5, 'Dr. Mayra Murazik', 'Voluptas similique numquam saepe voluptatem fugit ut ad. Voluptas sed error voluptatibus rerum. Eveniet culpa ut itaque consequatur necessitatibus. Vel autem adipisci doloribus quae totam aspernatur. Officiis aut necessitatibus provident aspernatur voluptate aut quidem illo.', 5, '2019-05-20 19:58:46', '2019-05-20 19:58:46'),
(63, 32, 'Timmy Renner', 'Quo enim et pariatur quia quisquam est. Modi cupiditate harum ipsum numquam. Consequatur et ut reiciendis ut quidem.', 2, '2019-05-20 19:58:47', '2019-05-20 19:58:47'),
(64, 40, 'Clifton Funk', 'In at non sapiente vel. Consequatur deserunt placeat vel earum iure omnis molestiae. Aut quia ducimus est vitae nulla fugiat ut.', 2, '2019-05-20 19:58:47', '2019-05-20 19:58:47'),
(65, 12, 'Patience Weber', 'Placeat qui necessitatibus nam omnis ratione. Incidunt qui qui rerum repudiandae. Et in et ea sed praesentium. Reiciendis et earum officia aliquid doloremque delectus repellat. Itaque ducimus ut repellendus sed totam.', 5, '2019-05-20 19:58:47', '2019-05-20 19:58:47'),
(66, 4, 'Stephanie Block', 'Consequuntur sint deleniti sint impedit in voluptatem vel. Officiis quos maiores vel debitis et eius natus. Omnis quos consequatur illum quibusdam labore. Ratione sed sequi debitis eligendi reiciendis qui itaque.', 5, '2019-05-20 19:58:47', '2019-05-20 19:58:47'),
(67, 16, 'Bertha Klocko', 'Quo maiores velit dolorem quos. Explicabo est consequatur tempore aliquid quia. Quia qui culpa reiciendis odio modi. Et laborum fugiat a. Quas sed aspernatur eligendi saepe.', 3, '2019-05-20 19:58:47', '2019-05-20 19:58:47'),
(68, 6, 'Estelle Becker', 'Voluptatem aut quibusdam harum quasi odio omnis. Tempore officiis et fuga velit similique odit nemo. Quis voluptatem voluptates porro porro odit.', 4, '2019-05-20 19:58:47', '2019-05-20 19:58:47'),
(69, 1, 'Elisa Hirthe', 'Est sint vero sit fuga voluptates cumque. Nesciunt vitae sed nemo aut ut et earum cum. Non ea perferendis harum est vero laudantium.', 0, '2019-05-20 19:58:47', '2019-05-20 19:58:47'),
(70, 7, 'Maribel Stokes IV', 'Aliquid minima adipisci aspernatur vel accusantium cum quia. Optio sed recusandae quas necessitatibus ut voluptas quos maiores. Id et dolores id optio dolores recusandae ut facere.', 1, '2019-05-20 19:58:47', '2019-05-20 19:58:47'),
(71, 44, 'Camilla Gerhold', 'Ex possimus accusamus numquam esse soluta quasi. Pariatur repellat est enim error illum nihil consequuntur. Nulla enim quidem molestiae tempora vel consequatur sit.', 4, '2019-05-20 19:58:47', '2019-05-20 19:58:47'),
(72, 11, 'Prof. Emory Quitzon', 'Explicabo in minus non velit velit. Quidem perferendis et magnam labore dolorum sequi.', 0, '2019-05-20 19:58:47', '2019-05-20 19:58:47'),
(73, 47, 'Mrs. Jolie D\'Amore DDS', 'Nihil numquam et voluptatibus officiis. Aut molestiae illum placeat aut odit aperiam labore. Quos pariatur beatae aliquam fugit sed. Nesciunt eaque sunt eligendi optio. Maxime debitis harum omnis repudiandae ea fugit.', 1, '2019-05-20 19:58:47', '2019-05-20 19:58:47'),
(74, 42, 'Mr. Watson Smitham', 'Non numquam quos quo dolorem esse voluptas corporis officia. Magni voluptas voluptates suscipit dolor qui similique. Quo sit dolore quidem nemo quis natus.', 3, '2019-05-20 19:58:47', '2019-05-20 19:58:47'),
(75, 8, 'Mr. Ezekiel Lindgren', 'Quis blanditiis est consectetur ad consectetur. Illo repudiandae ad consequatur rerum ut molestias. Porro culpa est ut enim consequuntur voluptate.', 3, '2019-05-20 19:58:47', '2019-05-20 19:58:47'),
(76, 40, 'Andreanne Rowe', 'Aut voluptate alias eaque nemo qui officiis minima consequatur. Consequuntur eum incidunt nam ratione. Est ducimus voluptatem reprehenderit voluptas fugiat quia tempora.', 4, '2019-05-20 19:58:47', '2019-05-20 19:58:47'),
(77, 32, 'Gerard Leuschke', 'Et officia laudantium velit odio similique minima harum. Aliquam distinctio voluptate molestiae occaecati et molestiae quia. Non enim molestiae maiores.', 4, '2019-05-20 19:58:47', '2019-05-20 19:58:47'),
(78, 9, 'Isac Doyle', 'Voluptatibus delectus fuga iste quo a. Minus autem nisi veniam alias laboriosam. Sed id quidem velit.', 5, '2019-05-20 19:58:47', '2019-05-20 19:58:47'),
(79, 34, 'Prof. Astrid Lockman', 'Reprehenderit sit nihil fuga soluta. Consequuntur earum sequi temporibus est qui incidunt et. Rerum distinctio voluptatem fugiat reprehenderit consequatur.', 4, '2019-05-20 19:58:47', '2019-05-20 19:58:47'),
(80, 47, 'Dorothy Ernser', 'Aut nihil quaerat nihil quidem. Veniam quos dolor eligendi non dolores. Explicabo non incidunt harum aut perspiciatis. Similique cum nulla eum aut suscipit officia aut omnis.', 5, '2019-05-20 19:58:47', '2019-05-20 19:58:47'),
(81, 32, 'Prof. Kayleigh McCullough', 'Sit iure sit voluptas consequuntur eum iure et. Fuga sed aut veritatis vel.', 0, '2019-05-20 19:58:47', '2019-05-20 19:58:47'),
(82, 39, 'Abelardo Little', 'Alias non explicabo illum minima. Enim molestiae perspiciatis eius delectus eaque. Labore fugiat molestiae voluptatem sunt. Tenetur nam et eaque praesentium officia.', 5, '2019-05-20 19:58:47', '2019-05-20 19:58:47'),
(83, 28, 'Dr. Beverly Witting V', 'Nemo et ut praesentium dignissimos dolores molestiae tempora. Sed illum ducimus sit veniam aspernatur deserunt. Consectetur totam aut eos.', 1, '2019-05-20 19:58:47', '2019-05-20 19:58:47'),
(84, 48, 'Miss Lola Keeling III', 'Aut fuga inventore facilis beatae voluptatibus perspiciatis. Iure fuga nesciunt placeat velit aut esse voluptates. Ut ex architecto molestiae mollitia veritatis. Neque molestias sit excepturi consectetur qui.', 5, '2019-05-20 19:58:47', '2019-05-20 19:58:47'),
(85, 5, 'Nova Hill', 'Consequatur nostrum alias ex et sequi. Saepe sequi quas vitae aut mollitia. Saepe quo sit magni autem ut error deserunt vel. Excepturi totam quas laboriosam voluptas.', 0, '2019-05-20 19:58:48', '2019-05-20 19:58:48'),
(86, 27, 'Derek Schaefer', 'Est nisi quisquam nobis accusantium. Dolorum sint voluptatem velit ea dicta numquam assumenda quia. Est ipsam sint eos. Adipisci rerum sed veritatis.', 4, '2019-05-20 19:58:48', '2019-05-20 19:58:48'),
(87, 14, 'Mr. Manley McCullough', 'Dolorum assumenda facilis accusantium quis omnis. Eos sit est non nihil ut tempore.', 3, '2019-05-20 19:58:48', '2019-05-20 19:58:48'),
(88, 13, 'Cory Luettgen', 'Porro autem quo quisquam nisi optio est nesciunt. Aspernatur dignissimos perferendis non. Voluptatem aut quis adipisci ut dignissimos ut. Omnis eius reiciendis quae ut sunt earum.', 4, '2019-05-20 19:58:48', '2019-05-20 19:58:48'),
(89, 17, 'Sincere Witting', 'Aut ea velit dolores animi qui corrupti quia. Fugit eligendi autem occaecati itaque iure omnis officiis. Est possimus quia id. Et reiciendis et quo tempore.', 4, '2019-05-20 19:58:48', '2019-05-20 19:58:48'),
(90, 3, 'Jose Harber Sr.', 'Mollitia laboriosam sequi est qui vel non. Tenetur totam modi dicta totam sunt. Illum quisquam quos qui minus.', 1, '2019-05-20 19:58:48', '2019-05-20 19:58:48'),
(91, 18, 'Randi Hammes', 'Quod aut est odio consequatur. Quae reprehenderit perferendis ut beatae enim corporis. Non nesciunt id aut voluptas ipsum excepturi.', 4, '2019-05-20 19:58:48', '2019-05-20 19:58:48'),
(92, 33, 'Bertrand Smith I', 'Accusamus culpa harum eaque reprehenderit. Beatae et aspernatur quam dolorem quidem non vel. Sint voluptas qui temporibus tempora molestiae suscipit nihil. Placeat et iusto esse ratione eum dolorem.', 4, '2019-05-20 19:58:48', '2019-05-20 19:58:48'),
(93, 37, 'Johnson Cole', 'Voluptatibus iste aut aliquid ea et error. Et quia occaecati harum et. Vero eaque quia expedita doloremque quia molestias. Itaque voluptate aut ullam. Nam molestias facere ea praesentium sint veritatis reiciendis modi.', 4, '2019-05-20 19:58:48', '2019-05-20 19:58:48'),
(94, 48, 'Prof. Lenora Bernier MD', 'Occaecati ipsam optio quia. Illo doloremque sunt distinctio est impedit modi. Odio voluptates eos eius eveniet iste quia. Reiciendis est dicta doloribus consectetur eaque minus.', 1, '2019-05-20 19:58:48', '2019-05-20 19:58:48'),
(95, 10, 'Alexys Hyatt', 'Qui modi distinctio delectus natus. Expedita iure in facilis et excepturi. Laudantium dolor similique sit neque veritatis qui alias tempora.', 1, '2019-05-20 19:58:48', '2019-05-20 19:58:48'),
(96, 45, 'Pauline Rodriguez', 'Autem odio impedit qui error omnis doloremque numquam necessitatibus. Quasi nihil delectus non ut repellendus consequuntur quisquam expedita. Aperiam aut praesentium aut molestiae.', 5, '2019-05-20 19:58:48', '2019-05-20 19:58:48'),
(97, 21, 'Matteo Brekke', 'Architecto ex a inventore earum laborum. Libero ea nobis incidunt necessitatibus fuga. Qui nobis voluptate ad est corporis quis.', 4, '2019-05-20 19:58:48', '2019-05-20 19:58:48'),
(98, 15, 'Mr. Joan Swaniawski I', 'Alias qui et architecto. Mollitia sapiente dolor veritatis. Sint consequatur in optio rem.', 5, '2019-05-20 19:58:48', '2019-05-20 19:58:48'),
(99, 18, 'Mrs. Stefanie Bosco DDS', 'Quis eaque deserunt consequatur. Temporibus dicta nesciunt aperiam magni. Voluptas voluptate id tenetur et saepe. Ea rerum veniam eum aspernatur quia assumenda.', 0, '2019-05-20 19:58:48', '2019-05-20 19:58:48'),
(100, 22, 'Mabelle Morar', 'Eveniet veniam quibusdam quae est necessitatibus. Placeat cupiditate magni voluptatum optio saepe possimus natus a. Ab asperiores modi enim est laboriosam voluptatem velit. Reiciendis cumque eum quis cumque dolorem tenetur dolores.', 0, '2019-05-20 19:58:48', '2019-05-20 19:58:48'),
(101, 15, 'Kasandra Schaefer', 'Blanditiis qui culpa dolorem. Nihil reprehenderit aut optio facere ea beatae animi eos. Nemo sequi assumenda rerum maiores unde.', 5, '2019-05-20 19:58:48', '2019-05-20 19:58:48'),
(102, 16, 'Jesus Harvey IV', 'Ex vitae voluptatem sed molestiae. Necessitatibus alias maxime cumque enim ipsum eveniet et. Beatae tempora non laboriosam. Repellendus sint at ea excepturi.', 4, '2019-05-20 19:58:48', '2019-05-20 19:58:48'),
(103, 30, 'Nichole Smith', 'Facilis quia nostrum necessitatibus animi accusantium minus. Repellat esse temporibus sunt quo amet. Omnis molestiae occaecati inventore inventore.', 0, '2019-05-20 19:58:48', '2019-05-20 19:58:48'),
(104, 37, 'Brandy Renner', 'Animi fugit ipsa ut molestias debitis. Culpa hic iusto sed temporibus eos iusto laudantium. Laborum accusamus debitis libero aut blanditiis doloribus molestiae. Cupiditate est provident voluptatem qui eveniet maiores labore.', 1, '2019-05-20 19:58:48', '2019-05-20 19:58:48'),
(105, 10, 'Eladio Ortiz', 'Est qui explicabo quia suscipit. Voluptates possimus ea dolores nisi nulla unde sed. Rerum sunt commodi possimus minus magni modi aliquid. Eos voluptate dolores atque adipisci natus impedit minima. Et optio unde occaecati non nam iusto deleniti.', 0, '2019-05-20 19:58:48', '2019-05-20 19:58:48'),
(106, 26, 'Mr. Modesto Kunze MD', 'Consequatur et illum illo voluptatem porro et magni. Eaque sit placeat qui quam incidunt. Facilis quis et qui nemo quam reiciendis aut. Reiciendis aut ipsam neque a quis vel illum.', 1, '2019-05-20 19:58:48', '2019-05-20 19:58:48'),
(107, 37, 'Mr. Jamar Bednar DVM', 'Accusantium tempora ut qui. Quisquam qui laudantium nobis sed. Id ipsam voluptas non veniam ex et. Nostrum unde labore impedit et incidunt illo.', 3, '2019-05-20 19:58:48', '2019-05-20 19:58:48'),
(108, 15, 'Jeanne Leannon', 'Sint in ut aut qui natus velit est. At deleniti doloremque ea necessitatibus quia. Tenetur nihil qui reprehenderit quo numquam expedita corrupti. Sed sequi a consequatur atque ea voluptatem.', 0, '2019-05-20 19:58:48', '2019-05-20 19:58:48'),
(109, 35, 'Mr. Winston Hahn II', 'Eveniet hic amet sit recusandae atque qui. Neque aperiam aspernatur repellat aut. Qui consequatur assumenda repudiandae ratione vel eos ex.', 3, '2019-05-20 19:58:48', '2019-05-20 19:58:48'),
(110, 46, 'Oma Wiza', 'Ipsam velit velit quo iste reiciendis. Vel est distinctio sit tenetur. Qui est consequatur ipsam. Rerum dolor ab consequatur ducimus nam minima consequatur.', 1, '2019-05-20 19:58:48', '2019-05-20 19:58:48'),
(111, 31, 'Mr. Saige Tremblay', 'Eos odit rerum consequatur. Voluptatem reiciendis excepturi dolores sit.', 2, '2019-05-20 19:58:48', '2019-05-20 19:58:48'),
(112, 14, 'Aurelio Ward', 'Sed laborum molestiae dignissimos id eaque cum. Vel et harum magnam eos accusamus. Et mollitia velit perferendis laborum ipsa sit. Voluptate consectetur ea aspernatur quia.', 1, '2019-05-20 19:58:48', '2019-05-20 19:58:48'),
(113, 11, 'Norene Yost', 'Quia ipsam est error inventore. Culpa nobis blanditiis rerum qui in nesciunt commodi consectetur. Accusantium et vel dolorem odit in quia et. Aliquid sit libero aut minima maiores ducimus sunt. Omnis dolore numquam vitae sed sed alias.', 2, '2019-05-20 19:58:48', '2019-05-20 19:58:48'),
(114, 45, 'Karley Lockman', 'Dolorem eius quos quaerat voluptas dolores. Qui sequi fuga harum rem est beatae sed. Eum aliquam eos voluptatem explicabo cumque quo adipisci animi.', 1, '2019-05-20 19:58:48', '2019-05-20 19:58:48'),
(115, 22, 'Royal Kuphal', 'Officiis et exercitationem sint provident veniam. Magnam rerum sit nam eius vel ea eius.', 1, '2019-05-20 19:58:48', '2019-05-20 19:58:48'),
(116, 42, 'Mrs. Taya Schmidt DDS', 'Aut provident fugiat accusantium neque suscipit omnis iure expedita. Beatae architecto quos ipsam dolorem consequatur aliquid autem. Libero dolores quia at vitae. Deserunt dolorum architecto mollitia cupiditate.', 3, '2019-05-20 19:58:48', '2019-05-20 19:58:48'),
(117, 2, 'Kailyn Powlowski', 'Quia saepe iste commodi aut nihil sit ad. Nam voluptatem molestiae vel asperiores qui. Cumque et perferendis voluptatem perspiciatis.', 2, '2019-05-20 19:58:48', '2019-05-20 19:58:48'),
(118, 17, 'Talon Jenkins DDS', 'Nisi omnis officia sed harum ut aut dolor maiores. Est earum et enim rerum. Distinctio ipsam soluta velit blanditiis.', 1, '2019-05-20 19:58:48', '2019-05-20 19:58:48'),
(119, 1, 'Weldon Larson', 'Consequatur debitis vel quae dolorum nihil ut. Impedit sit minima nihil. Eum excepturi quos dolor tempore laborum quasi harum.', 2, '2019-05-20 19:58:48', '2019-05-20 19:58:48'),
(120, 3, 'Russell Ortiz', 'Soluta quam dolor voluptatem nisi ipsa in. Dolor blanditiis eum doloremque accusantium sapiente animi alias. Odio assumenda ullam fugiat itaque beatae et.', 1, '2019-05-20 19:58:49', '2019-05-20 19:58:49'),
(121, 39, 'Mrs. Frederique Wiegand', 'Autem amet quam exercitationem recusandae accusamus. Soluta blanditiis laudantium aut ab rem corrupti quis debitis. Omnis ut voluptatem ut ipsa rerum voluptas.', 0, '2019-05-20 19:58:49', '2019-05-20 19:58:49'),
(122, 45, 'Juvenal Hansen', 'Ut omnis ut aliquam amet recusandae repellendus. Neque ducimus aut qui qui nostrum itaque aperiam impedit. Est quo sunt non quaerat aliquam non qui omnis.', 5, '2019-05-20 19:58:49', '2019-05-20 19:58:49'),
(123, 1, 'Mr. Earnest Boyle Jr.', 'Explicabo dolore expedita esse enim at repudiandae veritatis. Ut nobis suscipit nobis aut. Optio nemo labore dolorem harum dolorum. Rerum facere reiciendis dolor sint reiciendis dolor modi.', 3, '2019-05-20 19:58:49', '2019-05-20 19:58:49'),
(124, 16, 'Oleta Ferry', 'Dignissimos sint aut consequuntur porro. Facilis vitae sequi rerum. Non similique voluptas est corrupti aperiam cum eos quisquam.', 2, '2019-05-20 19:58:49', '2019-05-20 19:58:49'),
(125, 15, 'Reuben O\'Conner', 'Aut consequatur quis quisquam incidunt ipsam quis rerum suscipit. Accusantium quos alias quasi et. Deserunt vitae dolor explicabo perspiciatis. Molestias sed culpa veniam. Non quis fuga quidem dolorum.', 0, '2019-05-20 19:58:49', '2019-05-20 19:58:49'),
(126, 43, 'Ms. Leora Cole', 'Illum corrupti dolores vel perferendis eaque et. Tempora ad ut aut qui perferendis optio. Natus velit fugit cumque id.', 0, '2019-05-20 19:58:49', '2019-05-20 19:58:49'),
(127, 32, 'Savanna VonRueden', 'Natus quia perferendis cum non accusamus amet maxime voluptate. Iure consequatur sit harum. Alias sint aliquam repellat. Sequi officiis qui enim ut voluptatem hic quasi.', 0, '2019-05-20 19:58:49', '2019-05-20 19:58:49'),
(128, 44, 'Ms. Missouri Vandervort', 'Et voluptatem quo sed voluptatibus quibusdam aperiam. Iusto numquam eum aliquam eum labore optio earum. Impedit magni perspiciatis dolorum labore nemo sit. Dolor et est iusto corporis.', 3, '2019-05-20 19:58:49', '2019-05-20 19:58:49'),
(129, 33, 'Trevor Kuvalis', 'In omnis aut itaque error. Unde et omnis corrupti mollitia.', 5, '2019-05-20 19:58:49', '2019-05-20 19:58:49'),
(130, 15, 'Prof. Stephon Daniel', 'Ut culpa ut accusantium non ea sit. Molestiae qui vel quo optio repudiandae et. Fugit dolorem doloremque in magni vitae autem.', 3, '2019-05-20 19:58:49', '2019-05-20 19:58:49'),
(131, 50, 'Prof. Kane Lindgren', 'Omnis possimus quo delectus quaerat dolorum. Voluptas eius sunt voluptas adipisci blanditiis voluptatum consectetur. Praesentium reprehenderit eius voluptate sint.', 5, '2019-05-20 19:58:49', '2019-05-20 19:58:49'),
(132, 41, 'Elmer Morar', 'Repudiandae corporis libero tempore qui. Sequi quaerat magni et vitae autem. Labore repellendus sed et eligendi aut error.', 3, '2019-05-20 19:58:49', '2019-05-20 19:58:49'),
(133, 6, 'Dora Collier', 'Et tempora dolor recusandae. Distinctio eveniet voluptatem dolores quod esse quos voluptatem. Ab occaecati eos aut fuga perspiciatis nihil. Pariatur assumenda corporis quibusdam quam velit voluptatem quibusdam maiores.', 5, '2019-05-20 19:58:49', '2019-05-20 19:58:49'),
(134, 24, 'Delores Corwin', 'Rerum dolore numquam nihil sed doloremque. Et necessitatibus et aut voluptas error. Commodi porro dolores aut veritatis dicta.', 4, '2019-05-20 19:58:49', '2019-05-20 19:58:49'),
(135, 33, 'Hipolito Fritsch Jr.', 'Aut cupiditate error omnis. Laboriosam est rerum tenetur aut neque id.', 3, '2019-05-20 19:58:49', '2019-05-20 19:58:49'),
(136, 15, 'Ms. Myrtice Willms', 'Similique in enim numquam saepe laboriosam eaque. Nihil est maxime enim ducimus in dolores nemo. Non veniam sint ullam consequatur ipsam. Omnis aut eos voluptatibus incidunt.', 3, '2019-05-20 19:58:49', '2019-05-20 19:58:49'),
(137, 19, 'Ms. Beaulah Strosin', 'Beatae sit accusamus non natus. Architecto mollitia culpa doloremque tempora. Dolor et ut voluptas quo. Ducimus doloremque cum hic est et et.', 2, '2019-05-20 19:58:49', '2019-05-20 19:58:49'),
(138, 9, 'Jimmie Fisher', 'Quae quo incidunt natus ducimus sunt dolore totam. Eius nobis autem dolor nemo et. Sed quam atque nam at ipsum. Asperiores quia doloremque beatae molestiae.', 5, '2019-05-20 19:58:49', '2019-05-20 19:58:49'),
(139, 5, 'Mrs. Zoila Kilback', 'At aut eos nam dolores provident ut. Rerum saepe perspiciatis eos ea ut nihil possimus quis. Voluptatem rerum non velit voluptatum ratione.', 3, '2019-05-20 19:58:49', '2019-05-20 19:58:49'),
(140, 22, 'Dr. Haleigh Rowe Jr.', 'Ipsum voluptatem voluptates at culpa cupiditate nostrum quo. Eos omnis facere et aliquam ut excepturi dolores aut. Nam ut iusto eos aut qui nihil illum. Rerum quae ut ut dignissimos.', 0, '2019-05-20 19:58:49', '2019-05-20 19:58:49'),
(141, 4, 'Dr. Therese White', 'Sed est illum dolorum assumenda cumque et minus occaecati. Nihil nihil sit aut sit. Praesentium placeat aperiam ducimus voluptatem eveniet alias. Eos atque ut quidem aperiam modi aut natus.', 5, '2019-05-20 19:58:49', '2019-05-20 19:58:49'),
(142, 44, 'Libby Ankunding', 'Ut ea ut voluptas eos dolores placeat repudiandae omnis. Dolorem quod fuga in aliquam non dolores. Sed quas veritatis et neque libero rerum ratione dolores.', 1, '2019-05-20 19:58:49', '2019-05-20 19:58:49'),
(143, 43, 'Lora Barrows', 'Eum deserunt fuga error omnis nesciunt omnis. Molestias occaecati accusamus veritatis libero similique asperiores quam perspiciatis. In tempora vero atque.', 0, '2019-05-20 19:58:49', '2019-05-20 19:58:49'),
(144, 42, 'Rhoda Quitzon', 'Quasi culpa rerum dolores corporis et eligendi velit iste. Iste quam fuga enim quae accusantium quis earum. Nisi delectus suscipit rerum autem voluptatem sed cum. Iure ex quo et illo architecto veniam animi.', 0, '2019-05-20 19:58:49', '2019-05-20 19:58:49'),
(145, 15, 'Wilfred Stracke', 'Est dolorem hic ut asperiores provident adipisci. Qui eius fuga qui aspernatur rerum ullam labore. Porro qui corrupti rerum veniam deleniti repudiandae alias quis. Quo eligendi sit dolorem dolore.', 5, '2019-05-20 19:58:49', '2019-05-20 19:58:49'),
(146, 44, 'Mrs. Meredith Douglas', 'Eveniet sunt accusantium voluptatem pariatur corrupti labore dolores. Recusandae voluptatibus et eum aperiam. Ut delectus veniam eos dolores quas consequatur explicabo.', 4, '2019-05-20 19:58:49', '2019-05-20 19:58:49'),
(147, 38, 'Leon Predovic', 'Vero iusto quis rerum sed optio nisi recusandae consequatur. Ut aut exercitationem quaerat iusto quod est sunt. Vitae expedita aut magnam exercitationem. Ut non delectus odio modi est laboriosam. Ut quis eos quo minima.', 4, '2019-05-20 19:58:49', '2019-05-20 19:58:49'),
(148, 40, 'Hertha Osinski', 'Atque minima quis qui aut enim iste. Id nihil nostrum officiis rerum iure velit praesentium.', 5, '2019-05-20 19:58:49', '2019-05-20 19:58:49'),
(149, 17, 'Reva Wunsch DDS', 'Et aliquid aspernatur et iure. Veritatis quia reiciendis praesentium. Aut blanditiis odio maxime dicta.', 2, '2019-05-20 19:58:49', '2019-05-20 19:58:49'),
(150, 36, 'Mr. Jerel Marvin DDS', 'Aperiam aliquid adipisci enim alias sunt consectetur. Velit aperiam ea corrupti. Voluptatem et nemo est sint quibusdam.', 4, '2019-05-20 19:58:49', '2019-05-20 19:58:49'),
(151, 45, 'Shane Breitenberg', 'Ut magni et mollitia exercitationem molestias harum. Soluta quia veritatis architecto voluptas. Qui ipsum commodi velit et rem. Cupiditate exercitationem non aut ipsam pariatur ut non distinctio.', 3, '2019-05-20 19:58:49', '2019-05-20 19:58:49'),
(152, 8, 'Clair Sawayn', 'Ut nam officiis earum aliquid atque nisi accusamus. Fugit accusantium mollitia consectetur fugit quia dolorem quis consectetur. Et consequatur omnis nihil dolore ratione.', 3, '2019-05-20 19:58:49', '2019-05-20 19:58:49'),
(153, 13, 'Mr. Fredy Schamberger Sr.', 'Molestiae consequatur culpa sequi magni beatae maxime. Et consequuntur asperiores quis. Non pariatur eius enim voluptatem odit. Officiis et veritatis est corrupti aut.', 5, '2019-05-20 19:58:49', '2019-05-20 19:58:49'),
(154, 43, 'Josiah Ullrich', 'Autem vitae ipsam rem culpa consequatur. Harum vero cum et sit aperiam. Laboriosam excepturi et enim sequi architecto inventore magni id. Sint consectetur veritatis facere reiciendis.', 2, '2019-05-20 19:58:50', '2019-05-20 19:58:50'),
(155, 8, 'Miss Shanon Kessler', 'Quia illum consectetur dolores unde nostrum dolores nam. Debitis omnis ducimus odit distinctio. Mollitia velit unde provident molestiae sunt. Doloremque corporis ut fugiat aperiam quos reiciendis.', 3, '2019-05-20 19:58:50', '2019-05-20 19:58:50'),
(156, 42, 'Katlyn Corkery Jr.', 'Labore voluptatibus vel molestiae. In beatae earum autem eius consequatur voluptas saepe dicta. Cum nostrum dolore ullam dolorem. Illum nesciunt consequuntur similique quia ratione. Culpa vitae placeat qui explicabo magnam exercitationem qui cum.', 1, '2019-05-20 19:58:50', '2019-05-20 19:58:50'),
(157, 32, 'Mrs. Angie Reilly Jr.', 'Eos aperiam fugit consequatur quisquam temporibus odit ducimus. Adipisci cupiditate voluptatem soluta deleniti ea quis. Aut enim maxime debitis sint est fugit. Ut iure asperiores voluptatem ut voluptatem earum.', 2, '2019-05-20 19:58:50', '2019-05-20 19:58:50'),
(158, 19, 'Telly Morar', 'Ut corporis nihil consequatur perferendis libero magni ad doloribus. Qui dolore veniam ducimus. Repellat nam fuga et in at quis quod repellat.', 3, '2019-05-20 19:58:50', '2019-05-20 19:58:50'),
(159, 22, 'Ernesto Maggio', 'Fugit quo eaque facere. Qui ab velit neque amet fugiat ut architecto praesentium. Cupiditate facere nostrum excepturi ut eos non magnam ut.', 1, '2019-05-20 19:58:50', '2019-05-20 19:58:50'),
(160, 48, 'Prof. Reese Rosenbaum', 'Inventore quas voluptatum ipsam nihil minima molestiae modi. Velit vitae tempore placeat explicabo voluptatem dignissimos facere doloremque. Rerum rerum officia aut ut incidunt. Ipsa commodi rerum eius et. Ea eos hic saepe temporibus.', 0, '2019-05-20 19:58:50', '2019-05-20 19:58:50'),
(161, 29, 'Lane Brekke', 'Nam dolores harum rem omnis quidem. Vero non perferendis quis reiciendis ea velit. Natus et atque quae ipsam ducimus aut et. Veniam quis culpa dolor blanditiis voluptates et earum. Sint assumenda incidunt enim exercitationem quos similique.', 2, '2019-05-20 19:58:50', '2019-05-20 19:58:50'),
(162, 38, 'Kari Daniel DDS', 'Expedita inventore qui id ex laboriosam nesciunt sed. Incidunt sint qui exercitationem itaque nihil provident. Error deserunt provident hic beatae.', 4, '2019-05-20 19:58:50', '2019-05-20 19:58:50'),
(163, 15, 'Tobin Kerluke', 'Eum omnis exercitationem molestias et saepe. Ut in velit amet est placeat rerum repellat. Hic voluptatem omnis in voluptatum voluptatibus et.', 5, '2019-05-20 19:58:50', '2019-05-20 19:58:50'),
(164, 14, 'Mara Waters', 'Numquam deleniti ut quia est rem consequatur delectus. Explicabo eum eos autem delectus amet quasi. Qui voluptas saepe eligendi enim tempora vero.', 4, '2019-05-20 19:58:50', '2019-05-20 19:58:50'),
(165, 46, 'Nya Koepp', 'Reiciendis eligendi ut nisi nemo. Atque delectus occaecati et rerum. Aut asperiores nemo voluptatem laborum. Numquam ipsam qui magni eaque consequatur saepe aut.', 3, '2019-05-20 19:58:50', '2019-05-20 19:58:50'),
(166, 33, 'Mrs. Kathryne Goldner', 'Corporis officiis doloremque voluptatibus autem blanditiis dignissimos laborum similique. Nulla autem similique minus iusto maxime delectus nisi. Cumque et at quaerat vel assumenda.', 5, '2019-05-20 19:58:50', '2019-05-20 19:58:50'),
(167, 6, 'Candelario Rowe III', 'Voluptatem esse dolor suscipit voluptates. Doloremque minus mollitia vel optio dicta assumenda adipisci aut. Enim numquam rerum omnis reprehenderit mollitia alias. Ad sint quibusdam esse consequatur esse consequatur sed.', 0, '2019-05-20 19:58:50', '2019-05-20 19:58:50'),
(168, 32, 'Marco Cummings', 'Veniam enim dolorem aut inventore voluptatum. Doloribus pariatur nostrum ullam. Ut hic quisquam impedit eum dolorem.', 4, '2019-05-20 19:58:50', '2019-05-20 19:58:50'),
(169, 3, 'Lucious Konopelski', 'Ut debitis et quo. Sint sint nostrum dolores sint rerum perferendis et. Laudantium sequi et eum quis. Error quod facilis nihil similique.', 5, '2019-05-20 19:58:50', '2019-05-20 19:58:50'),
(170, 28, 'Mrs. Destany Jerde', 'Animi est quo perferendis. Adipisci reprehenderit sed placeat omnis. Quia ut ab sint assumenda aut quod. Quidem ipsa voluptate rem quia dolorum sint.', 5, '2019-05-20 19:58:50', '2019-05-20 19:58:50'),
(171, 24, 'Tre Lesch', 'Amet inventore et porro quidem et delectus atque. Qui amet quod aperiam. Assumenda qui expedita pariatur nostrum omnis. Pariatur eaque dolorem ex facilis odio commodi quo.', 1, '2019-05-20 19:58:50', '2019-05-20 19:58:50'),
(172, 8, 'Augusta Mohr', 'Aliquam officiis aut dolores aliquam explicabo. Et id cupiditate quo sequi. Numquam optio facilis qui voluptas et voluptas. Et dolores eius nemo laborum vel maiores blanditiis. Qui fugiat quia corrupti ratione.', 5, '2019-05-20 19:58:50', '2019-05-20 19:58:50'),
(173, 10, 'Esperanza Wolf PhD', 'Molestiae non repudiandae quae vero. Adipisci consequuntur a aut magni aliquam ea est. Deleniti earum rem rem et animi in. Quia porro beatae nihil praesentium. Culpa qui unde eligendi et et optio veritatis.', 5, '2019-05-20 19:58:50', '2019-05-20 19:58:50'),
(174, 44, 'Mrs. Lorine O\'Connell I', 'Magni repellendus voluptatem labore et consequatur nobis. Quasi placeat quo voluptatem iusto quia. Sed natus suscipit aut voluptas.', 3, '2019-05-20 19:58:50', '2019-05-20 19:58:50'),
(175, 39, 'Julius Stroman', 'Vel animi incidunt similique veniam odit maxime. Suscipit occaecati atque enim reprehenderit harum voluptatem possimus consequatur. Ut rerum expedita et architecto. Suscipit eos neque et.', 4, '2019-05-20 19:58:50', '2019-05-20 19:58:50'),
(176, 7, 'Mr. Osbaldo Bruen MD', 'Quo quaerat repellat ut et praesentium unde et. Repellat consequatur autem sed odio velit. Et fugit vitae deleniti officiis qui vero distinctio.', 1, '2019-05-20 19:58:50', '2019-05-20 19:58:50'),
(177, 8, 'John Jast', 'Omnis placeat pariatur aut quae quia. Rerum ipsam qui laborum aut. Consequuntur alias quaerat aperiam in.', 4, '2019-05-20 19:58:50', '2019-05-20 19:58:50'),
(178, 50, 'Lisette Lemke', 'Quaerat accusamus aut occaecati est quam impedit ut. Omnis velit doloribus ipsa officia suscipit. Officia quisquam eum laboriosam magnam et placeat tempora.', 3, '2019-05-20 19:58:50', '2019-05-20 19:58:50'),
(179, 19, 'Dr. Bertha Walsh III', 'Laudantium corrupti commodi eos dolor rerum vel cupiditate. Assumenda sed sit mollitia earum nulla.', 3, '2019-05-20 19:58:50', '2019-05-20 19:58:50'),
(180, 38, 'Dr. Giles Tromp', 'Iure accusantium magnam harum molestias expedita et. Rem magnam aut non quas ab. Et ut sunt illum excepturi voluptas quod.', 4, '2019-05-20 19:58:50', '2019-05-20 19:58:50'),
(181, 25, 'Mr. Nathan Feeney Jr.', 'Eveniet alias eius et illum eveniet officiis. Et pariatur eligendi dignissimos minima totam. Dolorem est similique et natus eius amet in. Vero suscipit nisi molestiae quis esse.', 2, '2019-05-20 19:58:50', '2019-05-20 19:58:50'),
(182, 10, 'Shanie Ritchie', 'Et sint est minima laudantium omnis. Id atque cupiditate quo amet repudiandae doloremque dolorem. Laudantium rerum voluptas iure pariatur.', 2, '2019-05-20 19:58:50', '2019-05-20 19:58:50'),
(183, 16, 'Felicity Steuber', 'Ea veniam maxime molestiae pariatur alias. Sapiente voluptatibus pariatur qui perspiciatis in voluptatem. Harum minima eos qui ut ut.', 4, '2019-05-20 19:58:50', '2019-05-20 19:58:50'),
(184, 22, 'Ms. Lynn Lindgren', 'Quo est fuga labore quasi voluptatem quos. Eaque quia incidunt dolores et assumenda non est. Id corrupti corrupti fugit quaerat sed est voluptas.', 4, '2019-05-20 19:58:50', '2019-05-20 19:58:50'),
(185, 21, 'Austin Mayert', 'At labore qui possimus eaque sunt dignissimos laboriosam. Similique beatae in rerum fugiat quas. Debitis quis fugit aut hic eos eum.', 3, '2019-05-20 19:58:50', '2019-05-20 19:58:50'),
(186, 17, 'Khalil Wilkinson', 'In sit consequatur nesciunt voluptatem illo omnis voluptas corporis. Illum non dolores maiores expedita. Enim facilis sed et repellendus. Voluptas excepturi a asperiores illum harum fugiat modi. Qui sit sequi quibusdam ratione.', 4, '2019-05-20 19:58:50', '2019-05-20 19:58:50'),
(187, 3, 'Ron Baumbach', 'Et esse sint autem. Iste ducimus natus non ab laudantium natus asperiores repudiandae. Tempore quae deleniti modi non.', 4, '2019-05-20 19:58:50', '2019-05-20 19:58:50'),
(188, 47, 'Carleton Hoeger', 'Ipsa explicabo voluptas hic esse eum ipsum dolore fugiat. Corporis sunt aperiam quo officia odio fuga. Eveniet dolorem sed dolor inventore facere.', 2, '2019-05-20 19:58:50', '2019-05-20 19:58:50'),
(189, 48, 'Ona Sporer', 'Suscipit voluptatem numquam aperiam voluptatibus dolorem voluptatem deleniti officiis. Unde eos ea consequuntur dolorum dolorem sint ab fuga. Cumque expedita consectetur corporis unde debitis aut assumenda.', 3, '2019-05-20 19:58:50', '2019-05-20 19:58:50'),
(190, 25, 'Melvin Frami', 'Nesciunt voluptatem et excepturi labore. Vel numquam ut id dolor tenetur placeat dolorem velit. Id officia quisquam dolorum veritatis excepturi.', 5, '2019-05-20 19:58:51', '2019-05-20 19:58:51'),
(191, 10, 'Andreane Brekke', 'Voluptatum ullam dolorem debitis quidem. Voluptatem est labore cumque ex nam autem. Accusamus error non debitis dolore sit consectetur eligendi.', 2, '2019-05-20 19:58:51', '2019-05-20 19:58:51'),
(192, 21, 'Jaunita Schimmel', 'Blanditiis aliquam ut sed aut ut quos repellendus. Perspiciatis et eligendi et ex voluptatibus hic.', 0, '2019-05-20 19:58:51', '2019-05-20 19:58:51'),
(193, 44, 'Bret Stroman', 'Quo eius corrupti rerum est. Mollitia enim aperiam qui in vel. Voluptatibus nesciunt velit aut molestiae enim qui ipsam. Ab laudantium excepturi qui at voluptatem nostrum ut. Reiciendis dolores quisquam dolor sit esse quia.', 0, '2019-05-20 19:58:51', '2019-05-20 19:58:51'),
(194, 32, 'Else Ortiz', 'Laudantium neque quis quibusdam qui sapiente id ducimus quae. Deserunt ea praesentium minus ut. Repellat enim pariatur occaecati.', 4, '2019-05-20 19:58:51', '2019-05-20 19:58:51'),
(195, 6, 'Dr. Micah Kshlerin II', 'Deserunt quaerat enim possimus dolorem iste sint sit neque. Saepe consequatur praesentium veritatis vel aut. Sed aut sunt doloribus aspernatur possimus. Maiores sed ut cupiditate voluptatem vel voluptatem.', 5, '2019-05-20 19:58:51', '2019-05-20 19:58:51'),
(196, 47, 'Kyla Bernier', 'Corrupti dolore repellat sed ipsum animi pariatur. Velit autem qui aut dolorem nobis nisi officia. Tempora explicabo aperiam totam fugit reiciendis ut quod. Unde quo saepe labore inventore.', 5, '2019-05-20 19:58:51', '2019-05-20 19:58:51'),
(197, 3, 'Toney Kuhic', 'Voluptate qui cumque aut alias. Velit quam aut cupiditate quaerat accusantium id. Fugiat corporis voluptatum dolorem harum cupiditate ducimus. Fuga molestiae consequatur ipsum qui exercitationem.', 3, '2019-05-20 19:58:51', '2019-05-20 19:58:51'),
(198, 24, 'Donny King', 'Modi impedit quia sit ut sed quia enim. Aspernatur vero soluta maxime. Quidem quas quia unde facere beatae. Alias quia numquam quam qui nam voluptas quos.', 2, '2019-05-20 19:58:51', '2019-05-20 19:58:51'),
(199, 15, 'Veronica Rodriguez', 'Cupiditate accusantium pariatur adipisci quaerat eum. Vel cum voluptatem sed earum qui. Eum eveniet reprehenderit eius odio tempora. Nulla possimus est culpa nihil molestias nam.', 3, '2019-05-20 19:58:51', '2019-05-20 19:58:51'),
(200, 18, 'Gwen Runolfsson', 'Laborum quis occaecati laborum in enim beatae. Modi a accusamus quaerat aliquid quod. Dolor cumque recusandae et dolorem qui perferendis earum quaerat. Velit maxime rerum qui sequi ipsum rem.', 0, '2019-05-20 19:58:51', '2019-05-20 19:58:51'),
(201, 12, 'Jessika Nolan', 'Earum velit optio at nisi. Aliquam est omnis cumque officiis aliquid qui aut voluptates.', 2, '2019-05-20 19:58:51', '2019-05-20 19:58:51'),
(202, 1, 'Jacinthe Sanford', 'Aut omnis sapiente harum. Saepe consequatur quia odio. Dicta voluptatum iure quaerat. Officia voluptatem ullam quod unde cum ipsam consequatur. Tempora et voluptas natus quis.', 5, '2019-05-20 19:58:51', '2019-05-20 19:58:51'),
(203, 10, 'Dr. Robbie Crist', 'Voluptas facilis est earum nihil. Sed ullam esse illo. Qui excepturi eos omnis ad.', 1, '2019-05-20 19:58:51', '2019-05-20 19:58:51'),
(204, 39, 'Christopher Brakus', 'Eos cumque ex natus voluptatem molestias. Repellendus cum est et eum in illo exercitationem. Dignissimos necessitatibus eos at odit non dignissimos est. Eum corrupti vitae distinctio autem consectetur expedita. Laudantium expedita eos voluptatem voluptatem.', 5, '2019-05-20 19:58:51', '2019-05-20 19:58:51'),
(205, 38, 'Noemy Braun', 'Ut ad fuga asperiores occaecati veniam autem et libero. Illo eveniet autem maxime qui praesentium fugiat. Minima quibusdam perspiciatis quia suscipit dolorem. Aperiam doloremque quis sint magnam animi. Optio et et accusantium.', 1, '2019-05-20 19:58:51', '2019-05-20 19:58:51'),
(206, 45, 'Mr. Cordell Gleason', 'Rem necessitatibus officia voluptas natus tempora. Impedit velit unde porro debitis facere sed corporis adipisci. Et et ut hic magnam. Alias reiciendis non est ea voluptate natus.', 5, '2019-05-20 19:58:51', '2019-05-20 19:58:51'),
(207, 17, 'Bessie Schamberger Jr.', 'Necessitatibus nisi delectus fugit. Unde voluptas tempora ipsum aut. Alias qui delectus recusandae eaque aliquam aut possimus.', 1, '2019-05-20 19:58:51', '2019-05-20 19:58:51'),
(208, 3, 'Ms. Allison Metz', 'Voluptas totam aliquid voluptas beatae voluptas repellat. Est voluptates doloribus ut dolores autem consectetur. Corrupti eaque ut natus commodi dolor. Quam eius doloremque consequatur rerum assumenda eligendi. Repellat et fuga maxime.', 2, '2019-05-20 19:58:51', '2019-05-20 19:58:51'),
(209, 22, 'Prof. Sage Koepp PhD', 'Hic ab nihil deserunt iure tenetur et iusto. Minima nobis quia aut molestias nam cupiditate modi. Ipsam ipsum est minus beatae voluptatibus.', 3, '2019-05-20 19:58:51', '2019-05-20 19:58:51'),
(210, 6, 'Kitty Cartwright', 'Ducimus accusamus cumque aut cum earum. Placeat in dignissimos saepe sequi eum minus ducimus.', 1, '2019-05-20 19:58:51', '2019-05-20 19:58:51');
INSERT INTO `reviews` (`id`, `product_id`, `customer`, `review`, `star`, `created_at`, `updated_at`) VALUES
(211, 28, 'Carmen Gusikowski', 'Repudiandae occaecati perferendis eius fuga a eius alias animi. Vel quis magni hic similique molestiae. Aut molestias voluptatem nemo labore. Adipisci accusantium nostrum unde reprehenderit velit beatae.', 2, '2019-05-20 19:58:51', '2019-05-20 19:58:51'),
(212, 29, 'Leda Witting', 'Magni porro qui commodi explicabo est similique est. Dolorem officia itaque consequatur et dolor. Et aut est dolores veniam.', 4, '2019-05-20 19:58:51', '2019-05-20 19:58:51'),
(213, 25, 'Malcolm Hoppe', 'Dolorum totam fugiat cum velit incidunt. Quia eum expedita qui. Nobis similique quisquam eos rerum velit quia.', 3, '2019-05-20 19:58:52', '2019-05-20 19:58:52'),
(214, 32, 'Tad Deckow V', 'Est ut et optio. Vel ut quis et cupiditate rerum aperiam dicta. Eaque dolorum est laudantium nihil quia corporis. Temporibus maiores iusto nesciunt quo.', 0, '2019-05-20 19:58:52', '2019-05-20 19:58:52'),
(215, 37, 'Ariel O\'Conner', 'Nisi quis omnis vitae accusamus sunt. Sed a magnam natus vitae eligendi occaecati sapiente. Iure atque sit voluptate animi. Distinctio aut porro ut sint illum dolorem odio.', 1, '2019-05-20 19:58:52', '2019-05-20 19:58:52'),
(216, 37, 'Ethan Rice', 'Tempora quidem omnis exercitationem architecto recusandae dolor quam dolor. Fugit sed quasi ut sit at deserunt dolorem. Recusandae quos nemo sunt. Enim quae consectetur aperiam est sunt.', 5, '2019-05-20 19:58:52', '2019-05-20 19:58:52'),
(217, 37, 'Dr. Delphia Wolf Jr.', 'Magnam maxime adipisci rerum saepe pariatur ducimus qui voluptatem. Repellat officiis earum quo. Quam saepe vitae dignissimos consequatur corporis. Assumenda inventore officia alias qui commodi sint.', 4, '2019-05-20 19:58:52', '2019-05-20 19:58:52'),
(218, 24, 'Zachery Fadel', 'Distinctio voluptatem dignissimos tempora dolorum eum. Labore suscipit doloremque repellat nihil enim. Sit sed rerum vero temporibus asperiores aut veritatis. Rerum eos dolor aliquam dolorem deserunt.', 2, '2019-05-20 19:58:52', '2019-05-20 19:58:52'),
(219, 15, 'Deven Cummings', 'Consequuntur commodi possimus rem debitis vitae. Cum asperiores expedita quidem qui. Sint reprehenderit vitae quis beatae iure quod.', 1, '2019-05-20 19:58:52', '2019-05-20 19:58:52'),
(220, 49, 'Allan Fisher', 'Cupiditate voluptates distinctio odio qui eos. Dolorem ea molestiae animi blanditiis nemo eveniet. Dicta cumque qui dolorem magni voluptates deleniti. Exercitationem aspernatur nam minima aliquam aliquam ut aut. Amet in fugit at error iusto.', 2, '2019-05-20 19:58:52', '2019-05-20 19:58:52'),
(221, 41, 'Kennedy King', 'Molestiae sunt doloremque autem voluptatem omnis. Repudiandae illo dolores et quisquam. Iure et ipsam et ut qui ut.', 3, '2019-05-20 19:58:52', '2019-05-20 19:58:52'),
(222, 6, 'Cathryn Conn', 'Tenetur veritatis eum ut. Velit ullam omnis autem et optio. Aliquam ea est ut ipsa maiores. Eos dolore adipisci minus possimus veritatis molestiae. Tempora cum quae in quos nesciunt hic sint.', 0, '2019-05-20 19:58:52', '2019-05-20 19:58:52'),
(223, 4, 'Mitchel Kemmer', 'Consequatur sit possimus libero pariatur saepe ut. Quia quod et facilis quisquam deleniti quas. Et distinctio veniam et non quo eum nam.', 2, '2019-05-20 19:58:52', '2019-05-20 19:58:52'),
(224, 17, 'Rosemary Hilpert', 'Beatae rerum vero praesentium officiis. Consequuntur commodi amet sunt deleniti sit qui accusantium. Debitis ut omnis consequuntur doloremque. Expedita error vero mollitia rerum aspernatur.', 3, '2019-05-20 19:58:52', '2019-05-20 19:58:52'),
(225, 9, 'Prof. Royce Balistreri V', 'Veniam magnam asperiores quas et ut ut dolorem ut. Ducimus dolorem voluptas vel numquam minus laborum. Velit facere cum voluptatem libero perspiciatis. Ea laudantium voluptatum eius.', 3, '2019-05-20 19:58:52', '2019-05-20 19:58:52'),
(226, 32, 'Mr. Amari Flatley DDS', 'Est iusto dolores minima. Harum consectetur ut et earum incidunt accusantium facere fugit. Ut nihil error vitae ut quibusdam. Porro explicabo totam non est suscipit optio reprehenderit.', 0, '2019-05-20 19:58:52', '2019-05-20 19:58:52'),
(227, 29, 'Garrick Stoltenberg', 'Sint totam qui cupiditate ratione aut qui officiis. Voluptas amet officiis aliquam repudiandae. Sit ut tempora quia illum earum est. Sed minima laudantium temporibus ut tempore doloremque cupiditate asperiores.', 3, '2019-05-20 19:58:52', '2019-05-20 19:58:52'),
(228, 27, 'Madisen Torphy', 'Numquam doloremque vel doloribus fuga. Voluptas et architecto recusandae tempore. Repudiandae aut dolorem repellendus odio. Et maxime ut quasi labore est ratione. Qui totam hic tempora dolores.', 5, '2019-05-20 19:58:52', '2019-05-20 19:58:52'),
(229, 36, 'Jaquan Ernser', 'Quidem molestiae qui ut non quibusdam cumque occaecati. Rerum molestiae quia dignissimos quis. Assumenda illo modi quia quibusdam et quos totam. Ipsam corporis ut sunt incidunt quo eum.', 4, '2019-05-20 19:58:52', '2019-05-20 19:58:52'),
(230, 45, 'Dorcas Hessel', 'Consequuntur dolorum illo qui vitae et. Repellat dolorem dolores a. Unde qui similique pariatur ad.', 5, '2019-05-20 19:58:52', '2019-05-20 19:58:52'),
(231, 6, 'Baby Koss', 'Nesciunt ut eligendi excepturi et reiciendis rerum ad. Nesciunt ipsam fuga et. Dolorem vero sequi eaque sunt aut omnis qui. Ut non earum culpa.', 4, '2019-05-20 19:58:52', '2019-05-20 19:58:52'),
(232, 19, 'Emory Conroy MD', 'Consequatur et voluptas sequi neque enim. Ratione itaque accusamus omnis quod nesciunt quisquam inventore. Quos in occaecati incidunt quisquam et inventore eveniet. Voluptates quia harum delectus est itaque maxime.', 3, '2019-05-20 19:58:52', '2019-05-20 19:58:52'),
(233, 47, 'Prof. Ally Graham', 'Alias tempore molestiae unde unde sunt aut. Vel voluptatem accusamus rerum illo architecto modi. Est cupiditate nisi recusandae veritatis vero voluptas. Hic omnis similique doloribus est sed. Fugit reprehenderit accusantium libero.', 3, '2019-05-20 19:58:52', '2019-05-20 19:58:52'),
(234, 1, 'Vicente Corkery', 'Velit enim rerum eos. Odio cupiditate sed est ipsa ut. In voluptatem laborum asperiores ex enim.', 2, '2019-05-20 19:58:52', '2019-05-20 19:58:52'),
(235, 19, 'Polly Schinner', 'Eligendi voluptatum consequatur sequi voluptas tempora laudantium sapiente at. Repellendus doloribus sint consectetur quam placeat. Minima blanditiis optio odio est. Incidunt qui eos praesentium sit et.', 0, '2019-05-20 19:58:52', '2019-05-20 19:58:52'),
(236, 41, 'Leola Ryan', 'Voluptas iure doloremque minus eligendi sunt eum. Rerum accusamus quo id amet cumque aut molestiae fuga. Tempora harum quidem aut aut velit sint voluptatem.', 4, '2019-05-20 19:58:52', '2019-05-20 19:58:52'),
(237, 12, 'Merl Eichmann', 'Ut quibusdam ut qui consequatur. Facere sit laboriosam voluptates quo qui sapiente. Possimus numquam consectetur saepe. Error molestias reiciendis recusandae tempore et consequatur quo.', 1, '2019-05-20 19:58:52', '2019-05-20 19:58:52'),
(238, 50, 'Julie Rohan', 'Cumque ullam voluptas illum aut repellendus. Et necessitatibus fuga facilis minus libero excepturi.', 1, '2019-05-20 19:58:52', '2019-05-20 19:58:52'),
(239, 19, 'Mattie Torp', 'Eius molestiae iure error enim mollitia ullam. Perferendis cum saepe commodi eum voluptatibus. Vitae aut ea magni eum illo. Omnis qui explicabo eligendi dolorem.', 3, '2019-05-20 19:58:52', '2019-05-20 19:58:52'),
(240, 45, 'Melyna Quigley', 'Itaque vel occaecati ea quia sed consequatur qui qui. Error quia accusamus consequatur maiores omnis corrupti debitis. Dolorem aspernatur nesciunt qui debitis delectus sapiente. Earum cum ea ad aspernatur ab incidunt. Et consequatur et nulla voluptatibus fugiat non.', 1, '2019-05-20 19:58:52', '2019-05-20 19:58:52'),
(241, 24, 'Chanelle Carroll', 'Aspernatur ullam modi voluptatem. Est inventore cum fuga.', 0, '2019-05-20 19:58:52', '2019-05-20 19:58:52'),
(242, 30, 'Sincere Nicolas', 'Quibusdam asperiores veniam commodi. Eos doloremque explicabo ut rem distinctio consectetur. Deserunt dolores aut natus aliquam quo.', 5, '2019-05-20 19:58:52', '2019-05-20 19:58:52'),
(243, 45, 'Miss Burdette McDermott', 'Quia natus aut eligendi repudiandae. Soluta officia et consequatur laboriosam corrupti laudantium. Amet libero recusandae provident voluptatem incidunt. Accusamus quam aliquid dolores aliquam soluta magni. Vitae dolorem omnis minus aut culpa.', 4, '2019-05-20 19:58:52', '2019-05-20 19:58:52'),
(244, 20, 'Wiley Kuphal', 'Consequuntur optio voluptates et cum. Error similique doloribus sit consequatur. Qui non neque unde sed distinctio explicabo labore.', 5, '2019-05-20 19:58:52', '2019-05-20 19:58:52'),
(245, 12, 'Marcia Satterfield', 'Similique libero placeat doloremque rerum et velit. Unde odio nisi repellendus eveniet nihil explicabo voluptas culpa. Impedit et similique voluptas autem ut dignissimos. Sit omnis blanditiis vel non placeat et libero.', 2, '2019-05-20 19:58:52', '2019-05-20 19:58:52'),
(246, 40, 'Miss Peggie Towne', 'Earum est molestias porro doloribus inventore aut iure. Debitis dolorem dolorem magni itaque repudiandae autem.', 5, '2019-05-20 19:58:52', '2019-05-20 19:58:52'),
(247, 38, 'Danny Hagenes', 'Eum incidunt eaque sint unde. Enim dolor ut nisi numquam omnis earum recusandae. Cum velit in magnam tenetur fugiat. Blanditiis non quasi voluptates aut ea ex amet. Dolorem aliquid culpa quis quia.', 5, '2019-05-20 19:58:52', '2019-05-20 19:58:52'),
(248, 7, 'Mr. Angus Weimann', 'Mollitia est placeat consequuntur sed sint reiciendis ipsum. Odit suscipit aut pariatur et est itaque. Aliquam expedita consequuntur dignissimos et quaerat. Porro ipsam ducimus molestiae sed illum repudiandae neque.', 5, '2019-05-20 19:58:52', '2019-05-20 19:58:52'),
(249, 13, 'Dario Walter', 'Voluptatem aspernatur delectus dolorum sit doloremque laboriosam. Aut consectetur deleniti maxime rerum illo ipsam. Excepturi id velit non dolorem. Ipsa a dolores officiis molestiae et impedit. Dignissimos voluptatum laborum odio.', 1, '2019-05-20 19:58:52', '2019-05-20 19:58:52'),
(250, 44, 'Rachelle Cummerata', 'Et praesentium velit nihil magni in at qui. Consequatur ad eaque sequi necessitatibus. Commodi et quos quae itaque aspernatur aspernatur voluptas explicabo. Est et quia et.', 3, '2019-05-20 19:58:53', '2019-05-20 19:58:53'),
(251, 29, 'Dr. Tate Gerlach', 'Vel ad expedita iste. Sunt ratione consequatur illo sint soluta explicabo quo omnis. Velit tempore ad tenetur sapiente est.', 4, '2019-05-20 19:58:53', '2019-05-20 19:58:53'),
(252, 1, 'Daphne Balistreri', 'Sunt tempora qui architecto illo vel assumenda. Architecto nostrum dolore iusto. Eos est et autem ex rerum neque.', 2, '2019-05-20 19:58:53', '2019-05-20 19:58:53'),
(253, 15, 'Ophelia Daniel V', 'Voluptates commodi voluptas rem omnis est sed. Vel pariatur voluptatem vel voluptatem aspernatur. Eveniet mollitia vero ipsa quae pariatur quae.', 3, '2019-05-20 19:58:53', '2019-05-20 19:58:53'),
(254, 8, 'Murphy Wisoky PhD', 'Iure ea culpa enim qui dignissimos dolores possimus. Ullam maiores cum corporis voluptas alias omnis. Nulla beatae facilis nihil minima id atque.', 4, '2019-05-20 19:58:53', '2019-05-20 19:58:53'),
(255, 29, 'Prof. Felton Mohr II', 'Expedita est in nihil esse. A quia temporibus alias dolorum. Ut qui voluptates eveniet nobis eaque aut in laudantium. Libero eligendi earum ipsum porro.', 4, '2019-05-20 19:58:53', '2019-05-20 19:58:53'),
(256, 8, 'Prof. Missouri Rempel', 'Omnis accusamus ea optio reprehenderit eos. Voluptatem non vero vero iste iure et eum. Facilis velit sit dolore qui in dolorem. Fugit facere atque animi omnis.', 1, '2019-05-20 19:58:53', '2019-05-20 19:58:53'),
(257, 29, 'Prof. Elton Johns PhD', 'Et ipsam sint enim eum omnis natus. Eum quibusdam consequatur consequatur tenetur. Quidem ut quod tempora quas enim autem est. Fuga dolorum repellendus et et.', 1, '2019-05-20 19:58:53', '2019-05-20 19:58:53'),
(258, 48, 'Wade O\'Kon Sr.', 'Excepturi quas minus temporibus praesentium iusto aut. Molestiae eos et sit. Quam tempore culpa assumenda ipsum aut non.', 4, '2019-05-20 19:58:53', '2019-05-20 19:58:53'),
(259, 23, 'Mr. Jeremy Trantow', 'Qui laborum aut omnis corporis. Earum velit eaque sit porro atque.', 1, '2019-05-20 19:58:53', '2019-05-20 19:58:53'),
(260, 34, 'Abigail Vandervort', 'Minima consequatur laboriosam enim voluptatibus et rerum. Deleniti voluptatem sit distinctio dignissimos et. Ut beatae qui consequatur velit recusandae ipsa.', 4, '2019-05-20 19:58:53', '2019-05-20 19:58:53'),
(261, 43, 'Amara Schinner V', 'Porro aut rerum nulla officiis ut id consectetur. Sequi quis quo facere nihil. Quo sit velit voluptatibus aut expedita autem veritatis et.', 4, '2019-05-20 19:58:53', '2019-05-20 19:58:53'),
(262, 28, 'Alessandra Wilderman', 'Culpa dolores a molestias fugiat qui facilis. Officia eligendi quis consequatur. Quidem reiciendis minima dolores. Beatae eius omnis nihil quae autem sit reprehenderit.', 1, '2019-05-20 19:58:53', '2019-05-20 19:58:53'),
(263, 36, 'Clyde Zulauf', 'Voluptatem unde iusto debitis maiores. Optio officiis assumenda ea sed. Eveniet quas incidunt ut est. Eveniet aut atque aut quod eligendi et.', 1, '2019-05-20 19:58:53', '2019-05-20 19:58:53'),
(264, 33, 'Markus McKenzie V', 'Explicabo ut quae repellendus necessitatibus. Perferendis officia quia hic tempore doloribus dolor explicabo. Eos atque magnam labore ex culpa voluptas.', 0, '2019-05-20 19:58:53', '2019-05-20 19:58:53'),
(265, 15, 'Mr. Martin Green III', 'Facere omnis fuga laudantium at et recusandae aut. Magni ut minima tenetur placeat ad porro. Eveniet magni illo totam eum.', 0, '2019-05-20 19:58:53', '2019-05-20 19:58:53'),
(266, 37, 'Alec Reynolds', 'Animi aut ipsum autem quam. Molestiae nobis rem labore dolores. Dignissimos ad minus et. Porro adipisci est esse excepturi eligendi assumenda accusamus.', 5, '2019-05-20 19:58:53', '2019-05-20 19:58:53'),
(267, 20, 'Lorine Grady', 'Dolores qui et itaque aspernatur consequatur. Et tempore iusto exercitationem et eos quia sit. Quidem quam autem aspernatur facilis mollitia. Sunt voluptatem et dignissimos porro facilis porro.', 3, '2019-05-20 19:58:53', '2019-05-20 19:58:53'),
(268, 36, 'Beatrice Zemlak', 'Vel voluptatem numquam quod eligendi qui natus. Fuga nobis ullam beatae. Id ullam fugit iste voluptatum.', 2, '2019-05-20 19:58:53', '2019-05-20 19:58:53'),
(269, 11, 'Angel Stiedemann V', 'Nihil illo minima odit est. Pariatur iure quisquam minima rerum fuga. Qui doloremque est sit quod inventore delectus velit. Repellendus dicta maxime nam illum quasi voluptate dolorem. Dolor laboriosam cumque architecto vitae.', 5, '2019-05-20 19:58:53', '2019-05-20 19:58:53'),
(270, 40, 'Alexandra Jerde', 'Et et laborum expedita consectetur commodi aut libero quos. Laboriosam non sint et nisi dolorem qui est. At quasi quo qui et.', 4, '2019-05-20 19:58:53', '2019-05-20 19:58:53'),
(271, 22, 'Aletha Altenwerth', 'Commodi voluptate voluptas sed facilis quo. Aliquid ducimus itaque est atque. Tempora reiciendis aspernatur eos quis nesciunt.', 2, '2019-05-20 19:58:53', '2019-05-20 19:58:53'),
(272, 16, 'Donnie Gottlieb', 'Voluptatem hic quod quia impedit et ullam rem. Est quas omnis ut aperiam in. Ad numquam eum doloribus earum.', 4, '2019-05-20 19:58:53', '2019-05-20 19:58:53'),
(273, 16, 'Nicholaus Abernathy', 'Sunt nemo magnam quos iusto in. Et quibusdam consequatur qui enim minima quia. Quia expedita veniam et ducimus consequatur dolor nobis. Facilis odio cum nobis tempora. Ut nesciunt omnis nam in molestias totam magni.', 0, '2019-05-20 19:58:53', '2019-05-20 19:58:53'),
(274, 11, 'Dr. Marc Lubowitz', 'Sit quaerat sint nostrum voluptatem soluta rerum assumenda est. Veritatis quas non maxime voluptatem veritatis est.', 1, '2019-05-20 19:58:53', '2019-05-20 19:58:53'),
(275, 3, 'Davon Osinski', 'Corrupti ipsam qui sit ea. Nihil quibusdam harum eos libero eligendi est est. Perspiciatis quas molestias voluptatem cum quae. Officia quo repellendus exercitationem. Non consectetur ducimus doloribus voluptatem non ut neque mollitia.', 0, '2019-05-20 19:58:53', '2019-05-20 19:58:53'),
(276, 10, 'Otho Dach I', 'Commodi aut sit dolorem quis. Qui aut blanditiis illo non voluptatibus. Tenetur tempore perspiciatis doloribus beatae exercitationem neque. Sunt pariatur maxime laboriosam quo. Ad quam sit error quis.', 0, '2019-05-20 19:58:53', '2019-05-20 19:58:53'),
(277, 23, 'Marcella Hoeger', 'Quos natus dolorem sunt numquam. Deserunt nihil excepturi enim error. Dolor et aut eos libero culpa saepe tempora. Magni vel quas eum.', 4, '2019-05-20 19:58:53', '2019-05-20 19:58:53'),
(278, 23, 'Haven Jenkins', 'Occaecati ut perferendis quis dolor. Inventore quo in perspiciatis quia laborum dolores consequatur. Nisi sed exercitationem illo illo magnam itaque.', 5, '2019-05-20 19:58:53', '2019-05-20 19:58:53'),
(279, 37, 'Bettie Schoen', 'Dolores nostrum laboriosam nisi vitae est. Distinctio voluptas officia necessitatibus.', 3, '2019-05-20 19:58:53', '2019-05-20 19:58:53'),
(280, 25, 'Adolfo Torphy', 'Temporibus qui tempore exercitationem facilis facilis culpa necessitatibus incidunt. Aut et ut quas quis. Velit totam tempore magni modi. Ipsum ea et illum eveniet.', 3, '2019-05-20 19:58:53', '2019-05-20 19:58:53'),
(281, 18, 'Zelma Willms V', 'Dolor voluptatibus voluptas quod laboriosam unde. Eaque dolorum reprehenderit iste natus sed nemo amet. Qui labore consequatur non debitis ut consectetur aperiam.', 3, '2019-05-20 19:58:53', '2019-05-20 19:58:53'),
(282, 37, 'Jewel Rolfson V', 'Eos veniam voluptates nihil suscipit ab. Officiis ut culpa voluptatem unde sunt voluptatem. Id est qui possimus ipsum aspernatur. Numquam quis consequatur enim magnam asperiores voluptate.', 1, '2019-05-20 19:58:53', '2019-05-20 19:58:53'),
(283, 8, 'Mr. Salvatore Farrell II', 'Deserunt exercitationem sit perspiciatis. Molestiae excepturi quia maxime vitae maiores.', 3, '2019-05-20 19:58:53', '2019-05-20 19:58:53'),
(284, 16, 'Miles VonRueden', 'Dolores aut fugit deleniti natus. Enim voluptatem sunt esse. Inventore laborum assumenda et recusandae sint.', 4, '2019-05-20 19:58:53', '2019-05-20 19:58:53'),
(285, 25, 'Edyth Koepp II', 'Pariatur dolore est molestiae quis. Autem sit quasi et et rerum in. Aut quos repudiandae aliquid quia est ut labore eligendi.', 0, '2019-05-20 19:58:54', '2019-05-20 19:58:54'),
(286, 2, 'Jane Kertzmann', 'Veniam perferendis ea ipsum pariatur neque et. Ipsa accusamus odio exercitationem eaque temporibus. Earum delectus sapiente eos natus. Sint sapiente tempore sit deleniti in.', 0, '2019-05-20 19:58:54', '2019-05-20 19:58:54'),
(287, 12, 'Dr. Jamison Veum', 'Et hic quasi consequuntur laborum. Quia harum totam aliquid rem et et nisi facere. Deleniti cum id voluptas veritatis ut atque maxime. Quia exercitationem recusandae repellat praesentium quis ipsum. Labore dicta tenetur sed.', 1, '2019-05-20 19:58:54', '2019-05-20 19:58:54'),
(288, 5, 'Lauren Gislason PhD', 'Repudiandae voluptate officia enim vitae. Veritatis commodi non et sunt voluptas. Illo et quisquam soluta dolorem autem et molestiae libero. Nobis pariatur quia laborum aperiam sint et at.', 1, '2019-05-20 19:58:54', '2019-05-20 19:58:54'),
(289, 27, 'Dr. Wilton Kertzmann V', 'Sit nostrum quia dicta nihil. Maiores alias sunt culpa libero quaerat fuga. Laboriosam saepe ut ducimus sequi dolorem vel.', 1, '2019-05-20 19:58:54', '2019-05-20 19:58:54'),
(290, 9, 'Taya Davis', 'Eius aut est quas id. Non quia officiis ab veniam est blanditiis. Dignissimos voluptatum saepe perferendis est ut repellat et. Velit voluptas odit modi.', 5, '2019-05-20 19:58:54', '2019-05-20 19:58:54'),
(291, 4, 'Lesley Thiel', 'Nisi hic vero omnis tempora dignissimos sequi voluptas laborum. Corporis et est dolorem quidem iste sint. Quo fuga reprehenderit ut architecto velit eaque sint id. Iste dolores enim velit repellat.', 5, '2019-05-20 19:58:54', '2019-05-20 19:58:54'),
(292, 49, 'Schuyler Schiller', 'Non ducimus sed et repudiandae. Sit est aut eligendi dignissimos maiores. Atque assumenda corporis nihil voluptatem accusantium optio dolorem.', 3, '2019-05-20 19:58:54', '2019-05-20 19:58:54'),
(293, 39, 'Neil Flatley', 'Atque et sapiente in voluptas id. Dolorem consequuntur qui sit asperiores. Cumque fugit aut nulla dignissimos ad.', 1, '2019-05-20 19:58:54', '2019-05-20 19:58:54'),
(294, 5, 'Prof. Maximus Bernier PhD', 'Corrupti nihil sed voluptas numquam. Eius velit consequatur nisi fugit hic enim. Illo rerum dicta eum quod nisi.', 2, '2019-05-20 19:58:54', '2019-05-20 19:58:54'),
(295, 10, 'Haylee Cummings', 'Natus est ducimus deleniti corporis sapiente rerum aperiam. Commodi soluta nihil voluptate itaque ut. Voluptas possimus earum doloribus. Dolor voluptas esse et dolorem iste itaque fuga.', 2, '2019-05-20 19:58:54', '2019-05-20 19:58:54'),
(296, 5, 'Jaime Wolff', 'Officia inventore quo est expedita harum asperiores. Et iste reiciendis omnis earum rerum. Nisi quis labore ea laborum suscipit ullam. Provident omnis soluta modi est rem illo a.', 2, '2019-05-20 19:58:54', '2019-05-20 19:58:54'),
(297, 22, 'Lindsay Altenwerth', 'Sint voluptatum est alias quia saepe. Molestiae dolores consequuntur mollitia qui. Deserunt id amet ut quidem veniam aut. Quod sint odit aperiam et quidem.', 1, '2019-05-20 19:58:54', '2019-05-20 19:58:54'),
(298, 40, 'Max Hoeger', 'Adipisci rerum tenetur provident reiciendis veritatis dolores quasi. Quia quo amet mollitia eum deleniti repudiandae. Deleniti quidem id in voluptate voluptatem architecto voluptate.', 0, '2019-05-20 19:58:54', '2019-05-20 19:58:54'),
(299, 38, 'Allen Schuster IV', 'Itaque at voluptatem sed. Et et libero fugiat cupiditate et consequatur provident molestias. Totam porro ex qui deserunt ea. Fuga ut architecto tenetur facilis sed.', 4, '2019-05-20 19:58:54', '2019-05-20 19:58:54'),
(300, 11, 'Savannah Legros', 'Sit deleniti ut id fugiat a illo. Alias saepe consectetur placeat qui. Voluptate debitis magni ut eum quo ex sequi. Quisquam magni facilis hic temporibus dolorum atque qui.', 4, '2019-05-20 19:58:54', '2019-05-20 19:58:54');

-- --------------------------------------------------------

--
-- Table structure for table `users`
--

CREATE TABLE `users` (
  `id` bigint(20) UNSIGNED NOT NULL,
  `name` varchar(191) COLLATE utf8mb4_unicode_ci NOT NULL,
  `email` varchar(191) COLLATE utf8mb4_unicode_ci NOT NULL,
  `email_verified_at` timestamp NULL DEFAULT NULL,
  `password` varchar(191) COLLATE utf8mb4_unicode_ci NOT NULL,
  `remember_token` varchar(100) COLLATE utf8mb4_unicode_ci DEFAULT NULL,
  `created_at` timestamp NULL DEFAULT NULL,
  `updated_at` timestamp NULL DEFAULT NULL
) ENGINE=InnoDB DEFAULT CHARSET=utf8mb4 COLLATE=utf8mb4_unicode_ci;

--
-- Indexes for dumped tables
--

--
-- Indexes for table `migrations`
--
ALTER TABLE `migrations`
  ADD PRIMARY KEY (`id`);

--
-- Indexes for table `password_resets`
--
ALTER TABLE `password_resets`
  ADD KEY `password_resets_email_index` (`email`);

--
-- Indexes for table `products`
--
ALTER TABLE `products`
  ADD PRIMARY KEY (`id`);

--
-- Indexes for table `reviews`
--
ALTER TABLE `reviews`
  ADD PRIMARY KEY (`id`),
  ADD KEY `reviews_product_id_index` (`product_id`);

--
-- Indexes for table `users`
--
ALTER TABLE `users`
  ADD PRIMARY KEY (`id`),
  ADD UNIQUE KEY `users_email_unique` (`email`);

--
-- AUTO_INCREMENT for dumped tables
--

--
-- AUTO_INCREMENT for table `migrations`
--
ALTER TABLE `migrations`
  MODIFY `id` int(10) UNSIGNED NOT NULL AUTO_INCREMENT, AUTO_INCREMENT=13;

--
-- AUTO_INCREMENT for table `products`
--
ALTER TABLE `products`
  MODIFY `id` bigint(20) UNSIGNED NOT NULL AUTO_INCREMENT, AUTO_INCREMENT=51;

--
-- AUTO_INCREMENT for table `reviews`
--
ALTER TABLE `reviews`
  MODIFY `id` bigint(20) UNSIGNED NOT NULL AUTO_INCREMENT, AUTO_INCREMENT=301;

--
-- AUTO_INCREMENT for table `users`
--
ALTER TABLE `users`
  MODIFY `id` bigint(20) UNSIGNED NOT NULL AUTO_INCREMENT;

--
-- Constraints for dumped tables
--

--
-- Constraints for table `reviews`
--
ALTER TABLE `reviews`
  ADD CONSTRAINT `reviews_product_id_foreign` FOREIGN KEY (`product_id`) REFERENCES `products` (`id`);
COMMIT;

/*!40101 SET CHARACTER_SET_CLIENT=@OLD_CHARACTER_SET_CLIENT */;
/*!40101 SET CHARACTER_SET_RESULTS=@OLD_CHARACTER_SET_RESULTS */;
/*!40101 SET COLLATION_CONNECTION=@OLD_COLLATION_CONNECTION */;
